CASE_ID,ACCIDENT_YEAR,PROC_DATE,JURIS,COLLISION_DATE,COLLISION_TIME,OFFICER_ID,REPORTING_DISTRICT,DAY_OF_WEEK,CHP_SHIFT,POPULATION,CNTY_CITY_LOC,SPECIAL_COND,BEAT_TYPE,CHP_BEAT_TYPE,CITY_DIVISION_LAPD,CHP_BEAT_CLASS,BEAT_NUMBER,PRIMARY_RD,SECONDARY_RD,DISTANCE,DIRECTION,INTERSECTION,WEATHER_1,WEATHER_2,STATE_HWY_IND,CALTRANS_COUNTY,CALTRANS_DISTRICT,STATE_ROUTE,ROUTE_SUFFIX,POSTMILE_PREFIX,POSTMILE,LOCATION_TYPE,RAMP_INTERSECTION,SIDE_OF_HWY,TOW_AWAY,COLLISION_SEVERITY,NUMBER_KILLED,NUMBER_INJURED,PARTY_COUNT,PRIMARY_COLL_FACTOR,PCF_CODE_OF_VIOL,PCF_VIOL_CATEGORY,PCF_VIOLATION,PCF_VIOL_SUBSECTION,HIT_AND_RUN,TYPE_OF_COLLISION,MVIW,PED_ACTION,ROAD_SURFACE,ROAD_COND_1,ROAD_COND_2,LIGHTING,CONTROL_DEVICE,CHP_ROAD_TYPE,PEDESTRIAN_ACCIDENT,BICYCLE_ACCIDENT,MOTORCYCLE_ACCIDENT,TRUCK_ACCIDENT,NOT_PRIVATE_PROPERTY,ALCOHOL_INVOLVED,STWD_VEHTYPE_AT_FAULT,CHP_VEHTYPE_AT_FAULT,COUNT_SEVERE_INJ,COUNT_VISIBLE_INJ,COUNT_COMPLAINT_PAIN,COUNT_PED_KILLED,COUNT_PED_INJURED,COUNT_BICYCLIST_KILLED,COUNT_BICYCLIST_INJURED,COUNT_MC_KILLED,COUNT_MC_INJURED,PRIMARY_RAMP,SECONDARY_RAMP,LATITUDE,LONGITUDE,COUNTY,CITY,POINT_X,POINT_Y
6292435,2015,2017-05-09,9120,2015-05-20,1530,20638,,3,2,9,0800,0,1,2,,2,005,"RT 101","MILL CREEK",8976.00,S,N,B,-,Y,DN,1,101,-,-,18.450,H,-,S,Y,1,1,0,1,A,-,03,22350,,N,E,I,A,B,H,-,A,D,0,,,,,Y,,A,01,0,0,0,0,0,0,0,0,0,"- ","- ",,,"DEL NORTE",UNINCORPORATED,-124.11182015999999,41.684111440000002
6768968,2015,2016-11-04,9120,2015-04-19,1255,15557,,7,1,9,0800,0,1,2,,2,005,"RT 101","RUDISILL RD",8976.00,N,N,A,-,Y,DN,1,101,-,-,15.580,H,-,S,Y,4,0,2,3,A,-,03,22350,,N,C,C,A,A,H,-,A,D,0,,,,,Y,,B,07,0,0,2,0,0,0,0,0,0,"- ","- ",,,"DEL NORTE",UNINCORPORATED,-124.1142761,41.643988810000003
6791886,2015,2016-09-27,9120,2015-01-12,1215,013564,,1,1,9,0800,0,1,2,,2,002,"RT 101","WONDER STUMP RD",0.00,,Y,A,-,Y,DN,1,101,-,-,33.430,I,5,N,Y,4,0,2,2,A,-,09,21802,A,N,D,C,A,A,H,-,A,A,0,,,,,Y,,D,22,0,0,2,0,0,0,0,0,0,"- ","- ",,,"DEL NORTE",UNINCORPORATED,-124.14365372,41.840156839999999
6813364,2015,2016-09-27,9120,2015-02-01,1335,012087,,7,1,9,0800,0,1,2,,2,004,"RT 199","MPM 20.57",61.00,N,N,A,-,Y,DN,1,199,-,-,20.610,H,-,N,Y,3,0,1,1,A,-,08,22107,,N,E,I,A,A,H,-,A,A,0,,,,,Y,,A,07,0,1,0,0,0,0,0,0,0,"- ","- ",,,"DEL NORTE",UNINCORPORATED,-123.86282237,41.86511385
6813368,2015,2016-09-27,9120,2015-02-03,1730,017248,,2,2,9,0800,0,1,2,,2,003,"RT 199","SOUTH FORK RD",12144.00,N,N,B,C,Y,DN,1,199,-,-,9.460,H,-,S,Y,4,0,1,1,A,-,03,22350,,N,E,I,A,B,H,-,B,D,0,,,,,Y,,A,01,0,0,1,0,0,0,0,0,0,"- ","- ",,,"DEL NORTE",UNINCORPORATED,-124.03241966,41.825459770000002
6817715,2015,2016-09-27,9120,2015-02-07,2105,13388,,6,2,9,0800,0,1,2,,2,004,"RT 199","SISKIYOU FORK RD",10560.00,N,N,B,C,Y,DN,1,199,-,-,27.190,H,-,S,Y,4,0,1,1,A,-,08,22107,,N,E,I,A,B,H,-,D,D,0,,,,,Y,,A,07,0,0,1,0,0,0,0,0,0,"- ","- ",,,"DEL NORTE",UNINCORPORATED,-123.78522017,41.894736940000001
6824433,2015,2016-09-27,9120,2015-02-10,1320,020638,,2,1,9,0800,0,1,2,,2,001,"RT 101","TIMBER BL",27.00,S,N,B,-,Y,DN,1,101,-,-,39.390,H,-,N,Y,4,0,1,2,A,-,03,22350,,N,C,C,A,A,H,-,A,D,0,,,,,Y,,D,22,0,0,1,0,0,0,0,0,0,"- ","- ",,,"DEL NORTE",UNINCORPORATED,-124.14061236000001,41.925377050000002
6840366,2015,2016-09-27,9120,2015-03-05,1115,015557,,4,1,9,0800,0,1,2,,2,002,"RT 101","WONDER STUMP RD",0.00,,Y,A,-,Y,DN,1,101,-,-,33.430,I,5,N,Y,4,0,2,2,A,-,08,22107,,N,C,C,A,A,H,-,A,D,0,,,,,Y,,A,01,0,0,2,0,0,0,0,0,0,"- ","- ",,,"DEL NORTE",UNINCORPORATED,-124.14365372,41.840156839999999
6840570,2015,2016-09-27,9120,2015-03-02,1915,017248,,1,2,9,0800,0,1,2,,2,001,"RT 101","SALMON HARBOR RD",0.00,,Y,A,-,Y,DN,1,101,-,-,42.815,I,5,N,N,4,0,1,2,A,-,03,22350,,N,G,B,D,A,H,-,D,D,0,Y,,,,Y,,A,01,0,0,1,0,1,0,0,0,0,"- ","- ",,,"DEL NORTE",UNINCORPORATED,-124.19763706000001,41.948369219999996
6842162,2015,2016-09-27,9120,2015-03-13,2250,013564,,5,3,9,0800,0,1,2,,2,004,"RT 199","LITTLE JONES CREEK RD",4752.00,S,N,C,-,Y,DN,1,199,-,-,23.860,H,-,N,Y,4,0,1,1,A,-,03,22350,,N,E,I,A,B,H,-,D,D,0,,,,,Y,,A,01,0,0,1,0,0,0,0,0,0,"- ","- ",,,"DEL NORTE",UNINCORPORATED,-123.82920157,41.87862836
6843692,2015,2016-09-27,9120,2015-02-27,1240,13564,,5,1,9,0800,0,1,2,,2,003,"RT 101","FRENCH HILL RD",6336.00,S,N,C,-,Y,DN,1,199,-,-,11.040,H,-,S,Y,4,0,2,1,A,-,03,22350,,N,E,I,A,B,H,-,A,D,0,,,,,Y,,A,01,0,0,2,0,0,0,0,0,0,"- ","- ",,,"DEL NORTE",UNINCORPORATED,-124.02578372000001,41.839122709999998
6843724,2015,2016-09-27,9120,2015-02-27,2010,13388,,5,2,9,0800,0,1,2,,2,005,"RT 101","MILL CREEK",9504.00,S,N,B,C,Y,DN,1,101,-,-,18.530,H,-,S,Y,3,0,1,1,A,-,01,23152,A,N,E,I,A,B,H,-,D,D,0,,,,,Y,Y,A,01,0,1,0,0,0,0,0,0,0,"- ","- ",,,"DEL NORTE",UNINCORPORATED,-124.11106484,41.684286
6854620,2015,2017-04-25,9120,2015-03-05,0450,12087,,4,3,9,0800,0,1,2,,2,004,"RT 199","OREGON MOUNTAIN RD",4752.00,N,N,A,-,Y,DN,1,199,-,-,35.760,H,-,S,Y,1,1,0,1,A,-,01,23152,C,N,E,I,A,A,H,-,C,A,0,,,,,Y,Y,D,22,0,0,0,0,0,0,0,0,0,"- ","- ",41.988379999999999,-123.71807,"DEL NORTE",UNINCORPORATED,-123.7178996,41.987983489999998
6854631,2015,2015-06-04,9120,2015-05-10,1440,20703,,7,2,9,0800,0,1,2,,2,003,"RT 199","FIRE HOUSE RD",847.00,N,N,B,-,Y,DN,1,199,-,-,14.020,H,-,N,Y,1,1,2,2,A,-,08,22107,,N,A,C,A,A,H,-,A,D,0,,,,,Y,,A,07,1,1,0,0,0,0,0,0,0,"- ","- ",,,"DEL NORTE",UNINCORPORATED,-123.97389629,41.845396119999997
6867143,2015,2016-09-27,9120,2015-03-23,0820,12087,,1,1,9,0800,0,1,2,,2,005,"RT 101","HAMILTON RD",5808.00,S,N,B,-,Y,DN,1,101,-,-,21.650,H,-,S,Y,4,0,1,1,A,-,03,22350,,N,E,I,A,B,H,-,A,D,0,,,,,Y,,D,22,0,0,1,0,0,0,0,0,0,"- ","- ",,,"DEL NORTE",UNINCORPORATED,-124.13217298000001,41.713461469999999
6876034,2015,2016-09-27,9120,2015-03-27,1440,020901,,5,2,9,0800,0,1,2,,2,006,"RT 101","WILSON CREEK RD",9504.00,S,N,A,-,Y,DN,1,101,-,-,10.880,I,5,S,Y,3,0,3,3,A,-,09,21801,A,N,D,D,A,A,H,-,A,D,0,,,,Y,Y,,A,01,0,1,2,0,0,0,0,0,0,"- ","- ",,,"DEL NORTE",UNINCORPORATED,-124.08658306,41.584104279999998
6877398,2015,2016-09-27,9120,2015-03-23,1055,019915,,1,1,9,0800,0,1,2,,2,003,"RT 199","SOUTH FORK RD",16896.00,N,N,B,C,Y,DN,1,199,-,-,10.460,H,-,S,Y,2,0,2,1,A,-,03,22350,,N,E,I,A,B,H,-,A,D,0,,,,,Y,,A,01,1,1,0,0,0,0,0,0,0,"- ","- ",,,"DEL NORTE",UNINCORPORATED,-124.03545669,41.839183259999999
6882693,2015,2016-09-27,9120,2015-03-28,0229,14951,,6,3,9,0800,0,1,2,,2,002,"RT 101","ELK VALLEY CROSS RD",4752.00,N,N,B,-,Y,DN,1,101,-,-,32.100,H,-,S,Y,4,0,1,2,A,-,01,23152,A,N,B,C,A,A,H,-,D,D,0,,,,,Y,Y,A,01,0,0,1,0,0,0,0,0,0,"- ","- ",,,"DEL NORTE",UNINCORPORATED,-124.14565576,41.821244729999997
6887685,2015,2016-11-05,9120,2015-04-06,1135,015557,,1,1,9,0800,0,1,2,,2,003,"RT 199","SOUTH FORK RD",2640.00,N,N,B,C,Y,DN,1,199,-,-,7.750,H,-,S,Y,3,0,2,1,A,-,03,22350,,N,E,I,A,B,H,-,A,D,0,,,,,Y,,A,01,0,2,0,0,0,0,0,0,0,"- ","- ",,,"DEL NORTE",UNINCORPORATED,-124.04972918,41.809047540000002
6894089,2015,2016-11-05,9120,2015-04-16,1200,015557,,4,1,9,0800,0,1,2,,2,003,"RT 199","KINGS VALLEY RD",2640.00,N,N,A,-,Y,DN,1,199,-,-,1.520,H,-,S,Y,4,0,2,4,A,-,03,22350,,N,C,C,A,A,C,-,A,A,0,,,,,Y,,D,22,0,0,2,0,0,0,0,0,0,"- ","- ",,,"DEL NORTE",UNINCORPORATED,-124.12730934,41.80861041
6905604,2015,2017-05-09,9120,2015-04-25,2050,014951,,6,2,9,0800,0,1,2,,2,002,"RT 101","PARKWAY DR",528.00,S,N,B,-,Y,DN,1,101,-,-,27.440,H,-,S,Y,1,1,0,2,A,-,11,21954,A,N,G,B,D,A,H,-,D,A,0,Y,,,,Y,,N,60,0,0,0,1,0,0,0,0,0,"- ","- ",,,"DEL NORTE",UNINCORPORATED,-124.19212718999999,41.767698600000003
6909391,2015,2016-11-05,9120,2015-04-23,1830,020901,,4,2,9,0800,0,1,2,,2,003,"RT 199","HARDSCRABBLE CREEK",2640.00,S,N,C,-,Y,DN,1,199,-,-,10.560,H,-,N,Y,2,0,2,1,A,-,03,22350,,N,E,I,A,B,H,-,A,D,0,,,,,Y,Y,A,01,1,1,0,0,0,0,0,0,0,"- ","- ",,,"DEL NORTE",UNINCORPORATED,-124.03372649000001,41.839646459999997
6924589,2015,2016-11-04,9120,2015-05-08,2310,14951,,5,3,9,0800,0,1,2,,2,002,"RT 101","KINGS VALLEY RD",2640.00,S,N,B,-,Y,DN,1,101,-,-,34.270,H,-,S,Y,4,0,1,1,A,-,03,22350,,N,E,I,A,A,H,-,D,D,0,,,,,Y,,D,22,0,0,1,0,0,0,0,0,0,"- ","- ",,,"DEL NORTE",UNINCORPORATED,-124.14258405,41.852248029999998
6943868,2015,2016-11-04,9120,2015-05-22,0830,13388,,5,1,9,0800,0,1,2,,2,001,"RT 101","MOUNTAIN VIEW DR",132.00,N,N,B,-,Y,DN,1,101,-,-,32.520,H,-,S,Y,4,0,2,1,A,-,08,22107,,N,E,I,A,A,H,-,A,D,0,,,,,Y,,A,08,0,0,2,0,0,0,0,0,0,"- ","- ",,,"DEL NORTE",UNINCORPORATED,-124.14491936,41.827207199999997
6948493,2015,2016-11-04,9120,2015-05-30,0615,012087,,6,1,9,0800,0,1,2,,2,005,"RT 101","HAMILTON RD",17952.00,S,N,B,F,Y,DN,1,101,-,-,19.330,H,-,N,Y,2,0,4,1,A,-,08,22107,,N,E,I,A,B,H,-,B,D,0,,,,,Y,,A,01,2,2,0,0,0,0,0,0,0,"- ","- ",,,"DEL NORTE",UNINCORPORATED,-124.10706371000001,41.691157269999998
6955783,2015,2016-11-04,9120,2015-06-01,2015,014951,,1,2,9,0800,0,1,2,,2,005,"RT 101","DAMNATION CRK",7920.00,S,N,B,C,Y,DN,1,101,-,-,14.690,H,-,N,Y,4,0,1,2,A,-,03,22350,,N,A,C,A,B,H,-,B,D,0,,,,,Y,,A,01,0,0,1,0,0,0,0,0,0,"- ","- ",,,"DEL NORTE",UNINCORPORATED,-124.11405977,41.631862089999998
6981327,2015,2016-11-05,9120,2015-06-17,1910,020703,,3,2,9,0800,0,1,2,,2,003,"RT 199","WALKER RD",2851.00,S,N,A,-,Y,DN,1,199,-,-,2.221,H,-,S,Y,2,0,1,1,A,-,01,23152,A,N,F,A,A,A,H,-,A,D,0,,,Y,,Y,Y,C,02,1,0,0,0,0,0,0,0,1,"- ","- ",,,"DEL NORTE",UNINCORPORATED,-124.11821399999999,41.811201840000003
6981331,2015,2016-11-05,9120,2015-06-25,1620,020638,,4,2,9,0800,0,1,2,,2,004,"RT 199","IDLEWILD MAINT STA RD",7392.00,S,N,A,-,Y,DN,1,199,-,-,27.310,H,-,S,Y,3,0,1,1,A,-,03,22350,,N,E,I,A,A,H,-,A,D,0,,,Y,,Y,,C,02,0,1,0,0,0,0,0,0,1,"- ","- ",,,"DEL NORTE",UNINCORPORATED,-123.78311012,41.894319609999997
6983284,2015,2016-11-05,9120,2015-06-14,1440,15338,,7,2,9,0800,0,1,2,,2,004,"RT 199","KNOPTI CREEK",1584.00,N,N,A,-,Y,DN,1,199,-,-,30.200,H,-,N,Y,3,0,4,4,A,-,08,22107,,N,A,C,A,A,H,-,A,D,0,,,Y,,Y,,D,23,0,1,3,0,0,0,0,0,1,"- ","- ",,,"DEL NORTE",UNINCORPORATED,-123.76084272,41.925942419999998
6993792,2015,2017-01-12,9120,2015-07-17,0510,17248,,5,3,9,0800,0,1,2,,2,005,"RT 101","MILL CREEK CAMPGROUND RD",15840.00,S,N,A,-,Y,DN,1,101,-,-,17.290,H,-,N,Y,3,0,1,1,A,-,01,23152,E,N,E,I,A,A,H,-,D,D,0,,,,,Y,,D,22,0,1,0,0,0,0,0,0,0,"- ","- ",,,"DEL NORTE",UNINCORPORATED,-124.11308928,41.668082400000003
6993801,2015,2017-01-12,9120,2015-07-12,1325,020638,,7,1,9,0800,0,1,2,,2,003,"RT 199","WALKER RD",0.00,,Y,A,-,Y,DN,1,199,-,-,2.820,I,5,S,Y,4,0,4,2,A,-,09,21801,A,N,D,C,A,A,H,-,A,D,0,,,,,Y,,A,07,0,0,4,0,0,0,0,0,0,"- ","- ",,,"DEL NORTE",UNINCORPORATED,-124.10884905,41.811450989999997
7006212,2015,2017-05-09,9120,2015-05-15,1440,15338,,5,2,9,0800,0,1,2,,2,003,"RT 199","RT 197",2640.00,N,N,A,-,Y,DN,1,199,-,-,4.680,H,-,S,Y,1,1,0,1,A,-,08,22107,,N,E,I,A,A,H,-,A,D,0,,,,,Y,,D,22,0,0,0,0,0,0,0,0,0,"- ","- ",,,"DEL NORTE",UNINCORPORATED,-124.08385131999999,41.80145203
7072221,2015,2017-01-12,9120,2015-08-07,1306,020638,,5,1,9,0800,0,1,2,,2,003,"RT 199","KINGS VALLEY RD",2323.00,N,N,A,-,Y,DN,1,199,-,-,1.440,H,-,N,Y,3,0,1,2,A,-,05,21650,,N,B,C,A,A,H,-,A,D,0,,,,Y,Y,,G,27,0,1,0,0,0,0,0,0,0,"- ","- ",,,"DEL NORTE",UNINCORPORATED,-124.12748664,41.807694990000002
8167118,2017,2019-04-08,0801,2017-08-26,2041,116,,6,5,2,0801,0,0,0,,0,,"RT 101","ELK VALLEY RD",615.00,N,N,A,-,Y,DN,1,101,-,-,25.960,H,-,N,N,1,1,0,2,A,-,"- ",,,N,G,B,D,A,H,-,D,D,0,Y,,,,Y,Y,N,60,0,0,0,1,0,0,0,0,0,"- ","- ",,,"DEL NORTE","CRESCENT CITY",-124.18735854000001,41.75263614
90051814,2015,2015-11-16,9120,2015-11-01,2213,020901,,7,3,9,0800,0,2,4,,2,027,"UNITED STATES HIGHWAY 101","ELK VALLEY CROSS RD",1320.00,N,N,B,C,Y,,,101,,,,,,,Y,3,0,1,1,A,-,08,22107,,N,E,I,A,B,H,-,D,D,0,,,,,Y,,A,01,0,1,0,0,0,0,0,0,0,"- ","- ",41.808259999999997,-124.14713,"DEL NORTE",UNINCORPORATED,-124.14730459,41.808280590000003
90052086,2015,2015-11-17,9120,2015-11-11,1525,017248,,3,2,9,0800,0,1,2,,2,001,"US-101 N/B","E. DENNEY LN.",0.00,,Y,B,C,Y,,,101,,,,,,N,Y,3,0,2,2,A,-,03,22350,,N,C,C,A,B,H,-,A,D,0,,,,,Y,,D,22,0,1,1,0,0,0,0,0,0,"- ","- ",41.923310000000001,-124.13867999999999,"DEL NORTE",UNINCORPORATED,-124.13870626000001,41.923260399999997
90052101,2015,2015-11-17,9120,2015-11-15,1530,017248,,7,2,9,0800,0,1,2,,2,001,"US-101 N/B","BOROUGH LN",15.00,S,N,B,-,Y,,,101,,,,,,N,Y,3,0,1,2,A,-,03,22350,,N,C,C,A,B,H,-,A,D,0,,,,,Y,Y,A,01,0,1,0,0,0,0,0,0,0,"- ","- ",41.91722,-124.13682,"DEL NORTE",UNINCORPORATED,-124.13656537,41.917219609999997
90052123,2015,2015-11-17,9120,2015-11-11,1720,017248,,3,2,9,0800,0,1,2,,2,003,"US-199 N/B","HARDSCRABBLE CREEK",2640.00,S,N,B,C,Y,,,199,,,,,,N,Y,3,0,1,1,A,-,08,22107,,N,E,I,A,B,H,-,D,D,0,,,,,Y,,A,07,0,1,0,0,0,0,0,0,0,"- ","- ",41.839309999999998,-124.03433,"DEL NORTE",UNINCORPORATED,-124.03438856,41.839609449999998
90059345,2015,2015-11-25,9120,2015-11-15,1110,020703,,7,1,9,0800,0,1,2,,2,003,US-199,"SOUTH FORK ROAD",17952.00,N,N,B,C,Y,,,199,,,,,,,Y,3,0,1,1,A,-,03,22350,,N,E,I,A,B,H,-,A,D,0,,,,,Y,,A,01,0,1,0,0,0,0,0,0,0,"- ","- ",41.839550000000003,-124.03440999999999,"DEL NORTE",UNINCORPORATED,-124.03442041,41.839603220000001
90076093,2015,2015-12-17,9120,2015-11-27,1030,018748,,5,1,9,0800,0,1,2,,2,002,"RT 101","WASHINGTON BLVD",100.00,N,N,A,-,Y,,,101,,,,,,,Y,3,0,3,2,C,-,18,,,N,A,C,A,A,H,-,A,D,0,,,,,Y,,-,"- ",0,1,2,0,0,0,0,0,0,"- ","- ",41.79569,-124.15658999999999,"DEL NORTE",UNINCORPORATED,-124.1565628,41.795650379999998
90081928,2015,2015-12-24,9120,2015-12-11,2110,20748,,5,2,9,0800,0,1,2,,2,004,SR-199,"SOUTH FORK RD",18480.00,N,N,B,-,Y,,,199,,,,,,,Y,4,0,2,1,A,-,08,22107,,F,E,I,A,B,A,-,D,D,0,,,,,Y,,A,01,0,0,2,0,0,0,0,0,0,"- ","- ",41.835090000000001,-124.03641,"DEL NORTE",UNINCORPORATED,-124.03640694000001,41.835090600000001
90082530,2015,2015-12-28,9120,2015-12-23,1725,020901,,3,2,9,0800,0,1,2,,2,001,"UNITED STATES HIGHWAY 101","SHORELINE DR.",305.00,N,N,C,-,Y,,,101,,,,,,,Y,4,0,1,1,A,-,03,22350,,N,E,I,A,B,H,-,D,D,0,,,,,Y,,A,01,0,0,1,0,0,0,0,0,0,"- ","- ",41.962269999999997,-124.203,"DEL NORTE",UNINCORPORATED,-124.20285425,41.962247849999997
90085035,2015,2015-12-30,9120,2015-11-01,2500,015954,,7,4,9,0800,0,1,2,,2,005,US-101,"HAMILTON RD",3696.00,S,N,C,-,Y,,,101,,,,,,,Y,1,1,0,1,A,-,08,22107,,N,E,I,A,B,H,-,A,D,0,,,,,Y,,D,22,0,0,0,0,0,0,0,0,0,"- ","- ",41.714019999999998,-124.13464,"DEL NORTE",UNINCORPORATED,-124.13462812,41.714062439999999
90086522,2015,2015-12-31,9120,2015-12-25,1720,017248,,5,2,9,0800,0,1,2,,2,001,"US-101 NORTHBOUND","E. DENNEY LN.",827.00,S,N,B,-,Y,,,101,,,,,,N,Y,4,0,1,1,A,-,03,22350,,N,F,A,A,A,H,-,B,D,0,,,,,Y,,A,01,0,0,1,0,0,0,0,0,0,"- ","- ",41.922400000000003,-124.13773,"DEL NORTE",UNINCORPORATED,-124.13781109999999,41.922327330000002
90086716,2015,2016-01-01,9120,2015-12-29,2310,014951,,2,3,9,0800,0,1,2,,2,005,US101,"HUMBOLDT RD",0.00,,Y,B,C,Y,,,101,,,,,,,Y,4,0,1,1,A,-,08,22107,,F,H,A,A,B,H,-,C,D,0,,,,,Y,,A,01,0,0,1,0,0,0,0,0,0,"- ","- ",41.73621,-124.15443999999999,"DEL NORTE",UNINCORPORATED,-124.15440692,41.736280190000002
90091730,2016,2016-01-11,9120,2016-01-08,0300,011916,,5,3,9,0800,0,1,2,,2,005,US-101,"MCMILLAN ROAD",1369.00,N,N,B,-,Y,,,101,,,,,,,Y,3,0,1,1,A,-,01,23152,A,N,E,I,A,B,H,-,D,D,0,,,,,Y,Y,D,22,0,1,0,0,0,0,0,0,0,"- ","- ",41.550460000000001,-124.05324,"DEL NORTE",UNINCORPORATED,-124.05335160999999,41.550392129999999
90103383,2016,2016-01-27,9120,2016-01-24,1845,017248,,7,2,9,0800,0,1,2,,2,005,"US-199 (N/B)","FRENCH HILL ROAD",2640.00,N,N,B,C,Y,,,199,,,,,,,Y,3,0,1,1,A,-,03,22350,,N,E,I,A,B,H,-,D,D,0,,,,,Y,,A,01,0,1,0,0,0,0,0,0,0,"- ","- ",41.843130000000002,-124.00067,"DEL NORTE",UNINCORPORATED,-124.00066846999999,41.843138310000001
90107379,2016,2016-06-30,9120,2016-01-16,1824,013388,,6,2,9,0800,0,1,2,,2,002,"RT 101","REYNOLDS LANE",35.00,N,N,B,-,Y,,,101,,,,,,,Y,4,0,2,2,A,-,03,22350,,N,F,A,A,A,H,-,D,D,0,,,,,Y,,A,07,0,0,2,0,0,0,0,0,0,"- ","- ",41.870040000000003,-124.13933,"DEL NORTE",UNINCORPORATED,-124.1393037,41.870034060000002
90109825,2016,2016-02-05,9120,2016-01-31,1240,020703,,7,1,9,0800,0,1,2,,2,003,US-199,"HARDSCRABBLE CREEK",3168.00,S,N,A,-,Y,,,199,,,,,,,Y,3,0,1,1,A,-,08,22107,,N,E,I,A,A,H,-,A,D,0,,,,,Y,,E,22,0,1,0,0,0,0,0,0,0,"- ","- ",41.838839999999998,-124.03585,"DEL NORTE",UNINCORPORATED,-124.03583768999999,41.838829179999998
90115330,2016,2016-02-16,9120,2016-02-06,1259,013388,,6,1,9,0800,0,1,2,,2,004,"RT 199","LITTLE JONES CREEK ROAD",3168.00,S,N,B,-,Y,,,199,,,,,,,Y,3,0,1,2,A,-,05,21460,A,N,A,C,A,A,H,-,A,D,0,,,,Y,Y,,A,01,0,1,0,0,0,0,0,0,0,"- ","- ",41.880769999999998,-123.82701,"DEL NORTE",UNINCORPORATED,-123.82699401000001,41.880775630000002
90120130,2016,2016-02-22,9120,2016-02-14,1310,020901,,7,1,9,0800,0,1,2,,2,005,"UNITED STATES HIGHWAY 101","WILSON CREEK",15840.00,N,N,B,C,Y,,,101,,,,,,,Y,2,0,2,1,A,-,08,22107,,N,E,I,A,B,H,-,A,D,0,,,,,Y,,A,01,1,1,0,0,0,0,0,0,0,"- ","- ",41.644370000000002,-124.11403,"DEL NORTE",UNINCORPORATED,-124.11399813,41.64434696
90121217,2016,2016-02-23,9120,2016-02-07,2018,020638,,7,2,9,0800,0,1,2,,2,001,"UNITED STATES HIGHWAY 101","KNUTSEN LN",528.00,N,N,A,-,Y,,,101,,,,,,,Y,3,0,2,1,A,-,08,22107,,N,F,A,A,A,H,-,D,D,0,,,,,Y,,A,07,0,2,0,0,0,0,0,0,0,"- ","- ",41.893079999999998,-124.1366,"DEL NORTE",UNINCORPORATED,-124.13666463,41.893080609999998
90136735,2016,2016-03-15,9120,2016-03-07,1307,018748,,1,1,9,0800,0,1,2,,2,001,US101,"MORRISON CREEK RD",1223.00,S,N,A,-,Y,,,101,,,,,,,Y,3,0,1,1,A,-,08,22107,,N,F,A,A,A,H,-,A,D,0,,,,,Y,,A,08,0,1,0,0,0,0,0,0,0,"- ","- ",41.905799999999999,-124.13664,"DEL NORTE",UNINCORPORATED,-124.13666949,41.905799979999998
90154303,2015,2016-04-11,9120,2015-06-18,2500,021085,,4,4,9,0800,0,1,2,,2,003,US-199,"WALKER RD",7920.00,S,N,A,B,Y,,,199,,,,,,,Y,1,1,0,1,A,-,08,22107,,N,F,A,A,A,H,-,A,D,0,,,,,Y,,A,01,0,0,0,0,0,0,0,0,0,"- ","- ",41.80856,-124.12817,"DEL NORTE",UNINCORPORATED,-124.12845111,41.8082311
90169600,2016,2016-04-29,9120,2016-04-22,0935,020703,,5,1,9,0800,0,1,2,,2,004,US-199,"SISKIYOU FORK ROAD",1584.00,N,N,B,-,Y,,,199,,,,,,,Y,3,0,2,1,A,-,03,22350,,N,E,I,A,B,H,-,A,D,0,,,,,Y,,A,01,0,1,1,0,0,0,0,0,0,"- ","- ",41.887030000000003,-123.80674999999999,"DEL NORTE",UNINCORPORATED,-123.80669159,41.886948019999998
90178394,2016,2016-05-12,9120,2016-05-01,1600,020638,,7,2,9,0800,0,1,2,,2,005,"UNITED STATES HIGHWAY 101","WILSON CREEK",5808.00,N,N,A,-,Y,,,101,,,,,,,Y,3,0,1,1,A,-,08,22107,,N,E,I,A,A,H,-,A,D,0,,,,,Y,,A,07,0,1,0,0,0,0,0,0,0,"- ","- ",41.617440000000002,-124.10897,"DEL NORTE",UNINCORPORATED,-124.10899903000001,41.617415999999999
90178633,2016,2016-05-13,9120,2016-04-23,1320,021221,,6,1,9,0800,0,1,2,,2,003,"UNITED STATES HIGHWAY 199","ELK VALLEY CROSS RD",0.00,,Y,B,-,Y,,,199,,,,,,,Y,2,0,5,2,A,-,09,21802,A,N,D,C,A,B,H,-,A,A,0,,,,,Y,,A,07,1,1,3,0,0,0,0,0,0,"- ","- ",41.804369999999999,-124.14322,"DEL NORTE",UNINCORPORATED,-124.14322126,41.804302540000002