CASE_ID,ACCIDENT_YEAR,PROC_DATE,JURIS,COLLISION_DATE,COLLISION_TIME,OFFICER_ID,REPORTING_DISTRICT,DAY_OF_WEEK,CHP_SHIFT,POPULATION,CNTY_CITY_LOC,SPECIAL_COND,BEAT_TYPE,CHP_BEAT_TYPE,CITY_DIVISION_LAPD,CHP_BEAT_CLASS,BEAT_NUMBER,PRIMARY_RD,SECONDARY_RD,DISTANCE,DIRECTION,INTERSECTION,WEATHER_1,WEATHER_2,STATE_HWY_IND,CALTRANS_COUNTY,CALTRANS_DISTRICT,STATE_ROUTE,ROUTE_SUFFIX,POSTMILE_PREFIX,POSTMILE,LOCATION_TYPE,RAMP_INTERSECTION,SIDE_OF_HWY,TOW_AWAY,COLLISION_SEVERITY,NUMBER_KILLED,NUMBER_INJURED,PARTY_COUNT,PRIMARY_COLL_FACTOR,PCF_CODE_OF_VIOL,PCF_VIOL_CATEGORY,PCF_VIOLATION,PCF_VIOL_SUBSECTION,HIT_AND_RUN,TYPE_OF_COLLISION,MVIW,PED_ACTION,ROAD_SURFACE,ROAD_COND_1,ROAD_COND_2,LIGHTING,CONTROL_DEVICE,CHP_ROAD_TYPE,PEDESTRIAN_ACCIDENT,BICYCLE_ACCIDENT,MOTORCYCLE_ACCIDENT,TRUCK_ACCIDENT,NOT_PRIVATE_PROPERTY,ALCOHOL_INVOLVED,STWD_VEHTYPE_AT_FAULT,CHP_VEHTYPE_AT_FAULT,COUNT_SEVERE_INJ,COUNT_VISIBLE_INJ,COUNT_COMPLAINT_PAIN,COUNT_PED_KILLED,COUNT_PED_INJURED,COUNT_BICYCLIST_KILLED,COUNT_BICYCLIST_INJURED,COUNT_MC_KILLED,COUNT_MC_INJURED,PRIMARY_RAMP,SECONDARY_RAMP,LATITUDE,LONGITUDE,COUNTY,CITY,POINT_X,POINT_Y
90406959,2017,2017-03-07,9120,2017-02-28,1800,021446,,2,2,9,0800,0,1,2,,2,001,US-101,"FRED HAIGHT DRIVE",0.00,,Y,A,-,Y,,,101,,,,,,,Y,3,0,2,2,A,-,09,21801,A,N,A,C,A,A,H,-,B,D,0,,,,,Y,,A,01,0,2,0,0,0,0,0,0,0,"- ","- ",41.883769999999998,-124.13674,"DEL NORTE",UNINCORPORATED,-124.13677205,41.883770480000003
90407106,2017,2017-03-07,9120,2017-02-25,0045,020638,,6,3,9,0800,0,1,2,,2,006,"UNITED STATES HIGHWAY 101","WILSON CREEK RD",2640.00,S,N,B,C,Y,,,101,,,,,,,Y,3,0,1,1,A,-,08,22107,,N,E,I,A,B,H,-,D,D,0,,,,,Y,,D,22,0,1,0,0,0,0,0,0,0,"- ","- ",41.595039999999997,-124.10037,"DEL NORTE",UNINCORPORATED,-124.10022308000001,41.595251509999997
90408997,2017,2017-03-09,9120,2017-03-04,1300,018748,,6,1,9,0800,0,1,2,,2,003,"RT 199","ELK VALLEY CROSS RD",0.00,,Y,C,-,Y,,,199,,,,,,,Y,4,0,2,2,A,-,09,21801,A,N,D,C,A,B,H,-,A,D,0,,,,,Y,,A,07,0,0,2,0,0,0,0,0,0,"- ","- ",41.804409999999997,-124.14337999999999,"DEL NORTE",UNINCORPORATED,-124.14337786,41.804481989999999
90409325,2017,2017-03-09,9120,2017-02-20,2209,018748,,1,3,9,0800,0,1,2,,2,006,"RT 101","HAMILTON RD",1270.00,S,N,C,-,Y,,,101,,,,,,,Y,2,0,1,2,A,-,03,22350,,N,B,C,A,B,C,-,D,D,0,,,,Y,Y,,D,22,1,0,0,0,0,0,0,0,0,"- ","- ",41.720260000000003,-124.13776,"DEL NORTE",UNINCORPORATED,-124.13778224000001,41.720248720000001
90409365,2017,2017-03-09,9120,2017-02-20,2208,018748,,1,3,9,0800,0,1,2,,2,006,"RT 101","HAMILTON RD",1270.00,S,N,C,-,Y,,,101,,,,,,,Y,2,0,1,2,A,-,03,22350,,N,E,J,A,B,C,-,D,D,0,,,,Y,Y,,F,55,1,0,0,0,0,0,0,0,0,"- ","- ",41.720590000000001,-124.13795,"DEL NORTE",UNINCORPORATED,-124.13795266,41.720588769999999
90409665,2017,2017-03-10,9120,2017-03-08,2055,013388,,3,2,9,0800,0,1,2,,2,003,"RT 199","MONUMENT DRIVE",815.00,N,N,B,C,Y,,,199,,,,,,,N,3,0,1,1,C,-,18,,,N,E,J,A,B,H,-,D,D,0,,,,,Y,,-,"- ",0,1,0,0,0,0,0,0,0,"- ","- ",41.793610000000001,-124.05834,"DEL NORTE",UNINCORPORATED,-124.0583396,41.793610110000003
90420775,2017,2017-03-27,9120,2017-03-15,1211,019915,,3,1,9,0800,0,1,2,,2,002,"RT 101","BURTSCHELL ST.",597.00,N,N,B,C,Y,,,101,,,,,,,N,4,0,1,2,A,-,03,22350,,N,C,C,A,B,H,-,A,A,0,,,,,Y,,A,01,0,0,1,0,0,0,0,0,0,"- ","- ",41.766710000000003,-124.19329,"DEL NORTE",UNINCORPORATED,-124.19331219,41.766741670000002
90427904,2017,2017-04-05,9120,2017-03-26,1505,021279,,7,2,9,0800,0,1,2,,2,003,"N/B US-199","WALKER ROAD",984.00,S,N,B,C,Y,,,199,,,,,,,Y,3,0,1,1,A,-,03,22350,,N,E,I,A,B,H,-,A,D,0,,,,,Y,,A,01,0,1,0,0,0,0,0,0,0,"- ","- ",41.81024,-124.11154999999999,"DEL NORTE",UNINCORPORATED,-124.11158408,41.810271389999997
90430773,2017,2017-04-10,9120,2017-03-29,1730,21597,,3,2,9,0800,0,1,2,,2,005,"US-101 N/B","MILL CREEK CAMP GROUND ROAD",6336.00,S,N,B,C,Y,,,101,,,,,,N,Y,4,0,1,2,A,-,03,22350,,N,C,C,A,B,H,-,A,D,0,,,,,Y,,A,07,0,0,1,0,0,0,0,0,0,"- ","- ",41.694240000000001,-124.11113,"DEL NORTE",UNINCORPORATED,-124.11140344,41.693603199999998
90433766,2017,2017-04-13,9120,2017-04-09,1205,015954,,7,1,9,0800,0,1,2,,2,004,US-199,"PIONEER RD",5280.00,N,N,B,-,Y,,,199,,,,,,,Y,4,0,1,1,A,-,08,22107,,N,E,I,A,A,H,-,A,D,0,,,,,Y,,A,01,0,0,1,0,0,0,0,0,0,"- ","- ",41.848820000000003,-123.90894,"DEL NORTE",UNINCORPORATED,-123.90896145000001,41.848952349999998
90435079,2017,2017-04-17,9120,2017-04-07,1240,021279,,5,1,9,0800,0,1,2,,2,005,US-101,"MILL CREEK",9134.00,S,N,C,G,Y,,,101,,,,,,,Y,3,0,1,1,A,-,08,22107,,N,E,I,A,B,H,-,A,D,0,,,,,Y,,D,22,0,1,0,0,0,0,0,0,0,"- ","- ",41.68356,-124.11345,"DEL NORTE",UNINCORPORATED,-124.1133499,41.683435170000003
90435269,2017,2017-04-17,9120,2017-04-07,1609,021580,,5,2,9,0800,0,1,2,,2,006,US-101,"EHLERS WAY",0.00,,Y,B,C,Y,,,101,,,,,,,Y,2,0,1,2,A,-,09,21801,A,N,D,C,A,B,H,-,A,D,0,,,,,Y,,A,01,1,0,0,0,0,0,0,0,0,"- ","- ",41.531379999999999,-124.0416,"DEL NORTE",UNINCORPORATED,-124.0417096,41.531269229999999
90439845,2017,2017-04-24,9120,2017-04-11,2215,018748,,2,3,9,0800,0,1,2,,2,001,"RT 101","WILSON LN",240.00,N,N,C,G,Y,,,101,,,,,,,Y,2,0,1,1,A,-,01,23152,A,N,E,I,A,B,H,-,D,D,0,,,,,Y,Y,A,01,1,0,0,0,0,0,0,0,0,"- ","- ",41.919519999999999,-124.13654,"DEL NORTE",UNINCORPORATED,-124.13657366,41.91951684
90440153,2017,2017-04-24,9120,2017-04-19,1708,013388,,3,2,9,0800,0,1,2,,2,005,"RT 101","LAST CHANCE GRADE",2640.00,N,N,B,C,Y,,,101,,,,,,,Y,3,0,1,1,A,-,01,23152,A,N,E,I,A,B,H,-,A,D,0,,,,,Y,Y,D,22,0,1,0,0,0,0,0,0,0,"- ","- ",41.647779999999997,-124.11282,"DEL NORTE",UNINCORPORATED,-124.11272556,41.647859629999999
90445591,2017,2017-04-28,9120,2017-04-21,1410,021580,,5,2,9,0800,0,1,2,,2,003,US-199,SR-197,359.00,N,N,A,-,Y,,,199,,,,,,,Y,3,0,2,1,A,-,03,22350,,N,E,I,A,A,H,-,A,D,0,,,,,Y,,A,01,0,2,0,0,0,0,0,0,0,"- ","- ",41.804270000000002,-124.08105999999999,"DEL NORTE",UNINCORPORATED,-124.08123705,41.80438951
90445611,2017,2017-04-28,9120,2017-04-24,1620,013388,,1,2,9,0800,0,1,2,,2,001,"RT 101","ROSE LANE",1584.00,N,N,B,C,Y,,,101,,,,,,,N,3,0,1,2,A,-,08,22107,,N,B,C,A,B,H,-,A,D,0,,,,,Y,,D,22,0,1,0,0,0,0,0,0,0,"- ","- ",41.895150000000001,-124.13643999999999,"DEL NORTE",UNINCORPORATED,-124.13664503,41.895150479999998
90445740,2017,2017-05-01,9120,2017-04-22,1716,021580,,6,2,9,0800,0,1,2,,2,003,"US-199 SOUTHBOUND",US-197,19.00,N,N,A,-,Y,,,199,,,,,,S,Y,3,0,2,1,A,-,08,22107,,N,E,I,A,A,H,-,A,D,0,,,,,Y,,A,08,0,1,1,0,0,0,0,0,0,"- ","- ",41.805720000000001,-124.08093,"DEL NORTE",UNINCORPORATED,-124.08124646,41.805629250000003
90448734,2017,2017-05-04,9120,2017-04-26,1325,021580,,3,1,9,0800,0,1,2,,2,005,"US-101 NORTHBOUND","MILL CREEK CAMPGROUND ENTRANCE",6864.00,S,N,B,C,Y,,,101,,,,,,N,N,4,0,1,1,A,-,03,22350,,N,E,I,A,B,H,-,A,D,0,,,,,Y,,A,01,0,0,1,0,0,0,0,0,0,"- ","- ",41.686920000000001,-124.10682,"DEL NORTE",UNINCORPORATED,-124.10675467,41.686932499999998
90448749,2017,2017-05-04,9120,2017-04-26,1810,013388,,3,2,9,0800,0,1,2,,2,005,"RT 101","MILL CREEK",6864.00,S,N,B,-,Y,,,101,,,,,,,Y,4,0,1,1,A,-,08,22107,,N,E,I,A,B,H,-,A,D,0,,,,,Y,,D,23,0,0,1,0,0,0,0,0,0,"- ","- ",41.683630000000001,-124.113,"DEL NORTE",UNINCORPORATED,-124.11303243,41.683678260000001
90449400,2017,2017-05-04,9120,2017-04-30,1900,021597,,7,2,9,0800,0,1,2,,2,001,"S/B US-101","LOPEZ ROAD",0.00,,Y,A,-,Y,,,101,,,,,,,Y,3,0,2,2,A,-,09,21802,A,N,D,C,A,A,H,-,A,D,0,,,,,Y,,A,07,0,1,1,0,0,0,0,0,0,"- ","- ",41.945900000000002,-124.19401999999999,"DEL NORTE",UNINCORPORATED,-124.19401261,41.945911520000003
90451477,2017,2017-05-08,9120,2017-05-02,2110,021580,,2,2,9,0800,0,1,2,,2,002,"US-101 NORTHBOUND",US-199,4488.00,S,N,A,-,Y,,,101,,,,,,N,Y,3,0,2,1,A,-,03,22350,,N,E,H,A,A,H,-,D,D,0,,,,,Y,,A,01,0,2,0,0,0,0,0,0,0,"- ","- ",41.793610000000001,-124.15897,"DEL NORTE",UNINCORPORATED,-124.15898912999999,41.793638199999997
90456209,2017,2017-05-15,9120,2017-05-12,1155,019072,,5,1,9,0800,0,1,2,,2,002,"UNITED STATES HIGHWAY 101","WONDER STUMP RD",2500.00,S,N,B,-,Y,,,101,,,,,,,Y,3,0,1,1,A,-,08,22107,,N,E,I,A,A,H,-,A,D,0,,,,,Y,,A,01,0,1,0,0,0,0,0,0,0,"- ","- ",41.834440000000001,-124.1442,"DEL NORTE",UNINCORPORATED,-124.14419784,41.834439799999998
90456488,2017,2017-05-16,9120,2017-05-08,1445,021580,,1,2,9,0800,0,1,2,,2,001,"US-101 NORTHBOUND","OCEANVIEW DRIVE",2047.00,S,N,A,-,Y,,,101,,,,,,N,Y,3,0,1,1,A,-,08,22107,,N,E,I,A,A,H,-,A,D,0,,,,,Y,,A,07,0,1,0,0,0,0,0,0,0,"- ","- ",41.984569999999998,-124.20361,"DEL NORTE",UNINCORPORATED,-124.20368902,41.9845258
90467475,2017,2017-05-30,9120,2017-05-25,1223,021597,,4,1,9,0800,0,1,2,,2,004,"N/B US-199","N OREGON MTN. ROAD",2640.00,N,N,A,-,Y,,,199,,,,,,,Y,4,0,1,1,A,-,08,22107,,N,E,I,A,A,H,-,A,D,0,,,,,Y,,A,01,0,0,1,0,0,0,0,0,0,"- ","- ",41.985500000000002,-123.7184,"DEL NORTE",UNINCORPORATED,-123.71802537000001,41.985478919999998
90470391,2017,2017-06-05,9120,2017-05-28,1623,021085,,7,2,2,0801,0,1,S,,2,901,US-101,"HUSTON ST",171.00,N,N,B,-,Y,,,101,,,,,,,N,4,0,1,2,A,-,21,22106,,N,D,G,A,A,H,-,A,A,0,,Y,,,Y,,J,48,0,0,1,0,0,0,1,0,0,"- ","- ",41.752200000000002,-124.1859,"DEL NORTE","CRESCENT CITY",-124.18589234,41.752236349999997
90470392,2017,2017-06-05,9120,2017-05-30,2000,017248,,2,2,9,0800,0,1,2,,2,001,"US-101 N/B","BECKSTEAD AVE",170.00,S,N,A,-,Y,,,101,,,,,,N,N,3,0,1,1,C,-,18,,,N,H,A,A,A,H,-,A,D,0,,,,,Y,,-,"- ",0,1,0,0,0,0,0,0,0,"- ","- ",41.931220000000003,-124.15036000000001,"DEL NORTE",UNINCORPORATED,-124.1503555,41.931246289999997
90473483,2017,2017-06-08,9120,2017-06-02,1930,017248,,5,2,9,0800,0,1,2,,2,006,"US-101 N/B","MCMILLIAN ROAD",2640.00,S,N,A,-,Y,,,101,,,,,,N,Y,4,0,1,1,A,-,08,22107,,N,E,I,A,A,H,-,A,D,0,,,,,Y,,A,01,0,0,1,0,0,0,0,0,0,"- ","- ",41.541609999999999,-124.05046,"DEL NORTE",UNINCORPORATED,-124.05033788999999,41.541665440000003
90474407,2017,2017-06-09,9120,2017-05-31,0825,021597,,3,1,9,0800,0,1,2,,2,002,"S/B US-101","RAILROAD AVENUE",8448.00,N,N,A,-,Y,,,101,,,,,,,Y,3,0,1,1,A,-,03,22350,,N,F,A,A,A,H,-,A,D,0,,,Y,,Y,,C,02,0,1,0,0,0,0,0,0,1,"- ","- ",41.795079999999999,-124.15859,"DEL NORTE",UNINCORPORATED,-124.15821905,41.794513569999999
90476426,2017,2017-11-21,9120,2017-06-04,0430,018748,,7,3,9,0800,0,1,2,,2,001,"RT 101","SOUTH INDIAN RD.",0.00,,Y,A,-,Y,,,101,,,,,,,Y,2,0,1,2,A,-,01,23152,A,N,D,C,A,A,H,-,C,D,0,,,Y,,Y,Y,C,02,1,0,0,0,0,0,0,0,1,"- ","- ",41.957030000000003,-124.20434,"DEL NORTE",UNINCORPORATED,-124.20433117,41.957027369999999
90478123,2017,2018-04-26,9120,2017-06-08,1110,021580,,4,1,9,0800,0,1,2,,2,004,US-199,"LITTLE JONES CREEK",10824.00,N,N,B,-,Y,,,199,,,,,,,N,1,1,0,1,A,-,03,22350,,N,F,I,A,B,H,-,A,A,0,,,Y,,Y,,C,02,0,0,0,0,0,0,0,1,0,"- ","- ",41.894750000000002,-123.78216,"DEL NORTE",UNINCORPORATED,-123.78211546999999,41.894717300000003
90479762,2017,2017-06-16,9120,2017-06-14,0510,019072,,3,3,9,0800,0,1,2,,2,005,"UNITED STATES HIGHWAY 101","HUMBOLDT RD",500.00,S,N,A,-,Y,,,101,,,,,,,Y,3,0,1,1,C,-,18,,,N,E,H,A,A,H,-,B,D,0,,,,,Y,,-,"- ",0,1,0,0,0,0,0,0,0,"- ","- ",41.73554,-124.15286999999999,"DEL NORTE",UNINCORPORATED,-124.15286392,41.7355527
90479809,2017,2017-06-16,9120,2017-06-11,1715,020703,,7,2,9,0800,0,1,2,,2,005,US-101,"MILL CREEK ROAD",19114.00,S,N,B,-,Y,,,101,,,,,,,Y,3,0,3,1,A,-,08,22107,,N,E,I,A,B,H,-,A,D,0,,,,,Y,,A,01,0,1,2,0,0,0,0,0,0,"- ","- ",41.656680000000001,-124.1156,"DEL NORTE",UNINCORPORATED,-124.11567465,41.6566999
90483162,2017,2017-06-21,9120,2017-06-20,1545,017248,,2,2,9,0800,0,1,2,,2,001,"US-101 S/B","OCEAN VIEW DRIVE",0.00,,Y,A,-,Y,,,101,,,,,,S,Y,3,0,1,3,A,-,09,21802,A,N,D,C,A,A,H,-,A,A,0,,,,,Y,,A,01,0,1,0,0,0,0,0,0,0,"- ","- ",41.933959999999999,-124.16553999999999,"DEL NORTE",UNINCORPORATED,-124.16554257,41.933946380000002
90483755,2017,2017-06-22,9120,2017-06-15,1938,021597,,4,2,9,0800,0,1,2,,2,005,"N/B US-101","MILL CREEK CAMPGROUND ROAD",6019.00,S,N,B,-,Y,,,101,,,,,,,Y,3,0,1,1,A,-,03,22350,,N,F,I,A,B,H,-,B,D,0,,,,,Y,,D,22,0,1,0,0,0,0,0,0,0,"- ","- ",41.681429999999999,-124.11404,"DEL NORTE",UNINCORPORATED,-124.1139404,41.681414760000003
90487098,2017,2017-06-26,9120,2017-06-17,1330,021597,,6,1,9,0800,0,1,2,,2,004,"N/B US-199","SISKIYOU FORK ROAD",396.00,N,N,A,-,Y,,,199,,,,,,,Y,4,0,1,1,A,-,08,22107,,N,E,I,A,A,H,-,A,D,0,,,,,Y,,A,07,0,0,1,0,0,0,0,0,0,"- ","- ",41.885199999999998,-123.8085,"DEL NORTE",UNINCORPORATED,-123.80833924,41.884965870000002
90488683,2017,2017-06-27,9120,2017-06-26,0625,019072,,1,1,9,0800,0,1,2,,2,006,"UNITED STATES HIGHWAY 101","MILL CREEK",8923.00,S,N,B,-,Y,,,101,,,,,,,Y,4,0,2,1,A,-,03,22350,,N,E,I,A,B,H,-,A,D,0,,,,,Y,,A,01,0,0,2,0,0,0,0,0,0,"- ","- ",41.683329999999998,-124.11329000000001,"DEL NORTE",UNINCORPORATED,-124.11337551,41.683406570000002
90492061,2017,2017-07-03,9120,2017-06-24,0945,021580,,6,1,9,0800,0,1,2,,2,001,US-101,"OCEAN VIEW DRIVE (NORTH)",244.00,N,N,A,-,Y,,,101,,,,,,,N,3,0,1,2,A,-,03,22350,,N,C,C,A,A,H,-,A,D,0,,,,,Y,,D,22,0,1,0,0,0,0,0,0,0,"- ","- ",41.990340000000003,-124.208,"DEL NORTE",UNINCORPORATED,-124.20771292000001,41.990424760000003
90499439,2017,2017-10-11,9120,2017-07-04,1330,017248,,2,1,9,0800,0,1,2,,2,003,US-199,"SOUTH FORK ROAD",1848.00,N,N,A,-,Y,,,199,,,,,,,Y,1,1,4,3,A,-,01,23152,A,N,B,C,A,A,H,-,A,D,0,,,,,Y,Y,D,22,0,3,1,0,0,0,0,0,0,"- ","- ",41.806989999999999,-124.05222999999999,"DEL NORTE",UNINCORPORATED,-124.05222859,41.806990229999997
90499447,2017,2017-07-12,9120,2017-06-30,1900,021597,,5,2,9,0800,0,1,2,,2,003,"S/B US-199","MONUMENT DRIVE",680.00,N,N,B,-,Y,,,199,,,,,,,Y,4,0,1,1,A,-,08,22107,,N,E,I,A,A,H,-,A,D,0,,,,,Y,,D,22,0,0,1,0,0,0,0,0,0,"- ","- ",41.798279999999998,-124.05833,"DEL NORTE",UNINCORPORATED,-124.0580606,41.798113190000002
90499465,2017,2017-09-18,9120,2017-07-01,2500,021446,,6,4,9,0800,0,1,2,,2,006,"US-101 N/B","KLAMATH BEACH RD",737.00,S,N,B,-,Y,,,101,,,,,,N,Y,1,1,0,1,A,-,01,23152,A,N,E,I,A,A,H,-,D,D,0,,,,,Y,Y,A,01,0,0,0,0,0,0,0,0,0,"- ","- ",41.50638,-124.03202,"DEL NORTE",UNINCORPORATED,-124.03211636,41.506409560000002
90501237,2017,2017-07-17,9120,2017-07-06,1735,021597,,4,2,9,0800,0,1,2,,2,005,"N/B US-101","MILL CREEK CAMPGROUND ROAD",19536.00,S,N,A,-,Y,,,101,,,,,,,Y,3,0,2,3,A,-,07,21658,A,N,B,C,A,A,H,-,A,D,0,,,,,Y,,A,01,0,1,1,0,0,0,0,0,0,"- ","- ",41.648200000000003,-124.1131,"DEL NORTE",UNINCORPORATED,-124.11311136,41.648185269999999
90503805,2017,2017-07-19,9120,2017-07-15,2250,019072,,6,3,9,0800,0,1,2,,2,004,"UNITED STATES HIGHWAY 199","SISKIYOU FORK ROAD",7920.00,N,N,A,-,Y,,,199,,,,,,,Y,3,0,1,1,A,-,08,22107,,N,E,I,A,A,H,-,D,D,0,,,Y,,Y,,C,02,0,1,0,0,0,0,0,0,1,"- ","- ",41.895409999999998,-123.78716,"DEL NORTE",UNINCORPORATED,-123.78715852000001,41.895407839999997
90505205,2017,2017-07-20,9120,2017-07-19,1943,017248,,3,2,9,0800,0,1,2,,2,003,US-199,"WALKER ROAD",3168.00,N,N,A,-,Y,,,199,,,,,,,Y,3,0,1,1,A,-,08,22107,,N,E,I,A,A,H,-,A,D,0,,,,,Y,,A,01,0,1,0,0,0,0,0,0,0,"- ","- ",41.811729999999997,-124.09578,"DEL NORTE",UNINCORPORATED,-124.09578352,41.811670110000001
90508102,2017,2017-07-25,9120,2017-07-15,1030,021446,,6,1,9,0800,0,1,2,,2,004,US-199,"COLLIER REST AREA ENTRANCE",0.00,,Y,A,-,Y,,,199,,,,,,,N,4,0,1,2,A,-,08,22107,,N,D,C,A,A,H,-,A,A,0,,,,,Y,,A,01,0,0,1,0,0,0,0,0,0,"- ","- ",41.967019999999998,-123.7474,"DEL NORTE",UNINCORPORATED,-123.74732999,41.966964140000002
90508344,2017,2017-09-28,9120,2017-07-16,1810,021580,,7,2,9,0800,0,1,2,,2,004,US-199,"LITTLE JONES CREEK ROAD",3696.00,S,N,A,-,Y,,,199,,,,,,,Y,1,1,2,2,A,-,01,23152,A,N,A,C,A,A,H,-,A,D,0,,,Y,,Y,Y,C,02,0,2,0,0,0,0,0,1,0,"- ","- ",41.880009999999999,-123.8271,"DEL NORTE",UNINCORPORATED,-123.82710046,41.880010480000003
90509635,2017,2017-07-27,9120,2017-07-20,1520,021221,,4,2,9,0800,0,1,2,,2,004,"UNITED STATES HIGHWAY 199","LITTLE JONES CREEK ROAD",3696.00,S,N,A,-,Y,,,199,,,,,,,Y,3,0,1,1,A,-,03,22350,,N,F,I,A,A,H,-,A,D,0,,,Y,,Y,,C,02,0,1,0,0,0,0,0,0,1,"- ","- ",41.880110000000002,-123.82708,"DEL NORTE",UNINCORPORATED,-123.82704002,41.880067969999999
90513129,2017,2017-07-31,9120,2017-07-25,0134,020638,,2,3,9,0800,0,1,2,,2,006,"UNITED STATES HIGHWAY 101","HUMBODLT/DEL NORTE COUNTY LINE",9187.00,N,N,B,-,Y,,,101,,,,,,,Y,4,0,1,1,A,-,08,22107,,N,E,I,A,A,H,-,D,D,0,,,,,Y,,A,01,0,0,1,0,0,0,0,0,0,"- ","- ",41.488630000000001,-124.04911,"DEL NORTE",UNINCORPORATED,-124.04916085000001,41.488668750000002
90516184,2017,2017-08-03,9120,2017-07-30,1430,017248,,7,2,9,0800,0,1,2,,2,003,US-199,"HARDSCRABBLE CREEK BRIDGE",150.00,N,N,A,-,Y,,,199,,,,,,,Y,4,0,2,2,A,-,03,22350,,N,C,C,A,A,H,-,A,D,0,,,,,Y,,D,22,0,0,2,0,0,0,0,0,0,"- ","- ",41.83914,-124.02548,"DEL NORTE",UNINCORPORATED,-124.02547934,41.839111580000001
90517091,2017,2017-08-07,9120,2017-07-30,0950,021597,,7,1,9,0800,0,1,2,,2,004,US-199,"SISKIYOU FORK RD",5650.00,N,N,A,-,Y,,,199,,,,,,,Y,3,0,1,1,A,-,03,22350,,N,E,I,A,A,H,-,A,D,0,,,Y,,Y,,C,02,0,1,0,0,0,0,0,0,1,"- ","- ",41.889899999999997,-123.792,"DEL NORTE",UNINCORPORATED,-123.79206062999999,41.88992021
90521362,2017,2017-08-11,9120,2017-08-05,1025,021597,,6,1,9,0800,0,1,2,,2,004,US-199,"PATRICK CREEK ROAD",10560.00,N,N,A,-,Y,,,199,,,,,,,N,2,0,1,2,A,-,05,21460,A,N,B,C,A,A,H,-,A,D,0,,,Y,,Y,,C,02,1,0,0,0,0,0,0,0,1,"- ","- ",41.880099999999999,-123.827,"DEL NORTE",UNINCORPORATED,-123.82700301,41.880103169999998
90522154,2017,2017-09-06,9120,2017-08-05,2218,021279,,6,3,9,0800,0,1,2,,2,001,"US-101 S/B","FRED HAIGHT DR",0.00,,Y,A,-,Y,,,101,,,,,,S,Y,4,0,1,3,A,-,09,21801,A,N,A,C,A,A,H,-,D,D,0,,,,,Y,,A,01,0,0,1,0,0,0,0,0,0,"- ","- ",41.930030000000002,-124.14599,"DEL NORTE",UNINCORPORATED,-124.14600072,41.930008170000001
90522676,2017,2017-08-14,9120,2017-08-04,2330,021279,,5,3,9,0800,0,1,2,,2,003,"US-199 N/B","HARDSCRABBLE CREEK",1056.00,N,N,A,-,Y,,,199,,,,,,N,Y,3,0,1,1,A,-,01,23152,F,N,E,I,A,A,H,-,D,D,0,,,,,Y,,A,08,0,1,0,0,0,0,0,0,0,"- ","- ",41.834020000000002,-124.03614,"DEL NORTE",UNINCORPORATED,-124.03610457000001,41.83403508
90525716,2017,2018-05-16,9120,2017-08-14,0648,020638,,1,1,9,0800,0,1,2,,2,001,"UNITED STATES HIGHWAY 101","TIMBER BLVD",35.00,S,N,B,-,Y,,,101,,,,,,,Y,4,0,1,2,A,-,09,21801,A,N,D,C,A,A,H,-,A,D,0,,,,,Y,,A,01,0,0,1,0,0,0,0,0,0,"- ","- ",41.92539,-124.14054,"DEL NORTE",UNINCORPORATED,-124.14058648,41.925348270000001
90526662,2017,2017-08-21,9120,2017-08-17,1405,021161,,4,2,9,0800,0,1,2,,2,006,"US-101 S/B","MC MILLIAN RD",10.00,N,N,A,-,Y,,,101,,,,,,S,Y,4,0,2,1,A,-,08,22107,,N,E,I,A,A,H,-,A,D,0,,,,,Y,,A,01,0,0,2,0,0,0,0,0,0,"- ","- ",41.54627,-124.05192,"DEL NORTE",UNINCORPORATED,-124.05194176000001,41.546263310000001
90539097,2017,2017-09-01,9120,2017-08-24,1600,021161,,4,2,9,0800,0,1,2,,2,005,"S/B US-101","MILL CREEK",26400.00,S,N,A,-,Y,,,101,,,,,,,Y,4,0,1,3,A,-,03,22350,,N,B,C,A,A,H,-,A,D,0,,,,,Y,,M,47,0,0,1,0,0,0,0,0,0,"- ","- ",41.645949999999999,-124.11284000000001,"DEL NORTE",UNINCORPORATED,-124.1128047,41.645923580000002