CASE_ID,ACCIDENT_YEAR,PROC_DATE,JURIS,COLLISION_DATE,COLLISION_TIME,OFFICER_ID,REPORTING_DISTRICT,DAY_OF_WEEK,CHP_SHIFT,POPULATION,CNTY_CITY_LOC,SPECIAL_COND,BEAT_TYPE,CHP_BEAT_TYPE,CITY_DIVISION_LAPD,CHP_BEAT_CLASS,BEAT_NUMBER,PRIMARY_RD,SECONDARY_RD,DISTANCE,DIRECTION,INTERSECTION,WEATHER_1,WEATHER_2,STATE_HWY_IND,CALTRANS_COUNTY,CALTRANS_DISTRICT,STATE_ROUTE,ROUTE_SUFFIX,POSTMILE_PREFIX,POSTMILE,LOCATION_TYPE,RAMP_INTERSECTION,SIDE_OF_HWY,TOW_AWAY,COLLISION_SEVERITY,NUMBER_KILLED,NUMBER_INJURED,PARTY_COUNT,PRIMARY_COLL_FACTOR,PCF_CODE_OF_VIOL,PCF_VIOL_CATEGORY,PCF_VIOLATION,PCF_VIOL_SUBSECTION,HIT_AND_RUN,TYPE_OF_COLLISION,MVIW,PED_ACTION,ROAD_SURFACE,ROAD_COND_1,ROAD_COND_2,LIGHTING,CONTROL_DEVICE,CHP_ROAD_TYPE,PEDESTRIAN_ACCIDENT,BICYCLE_ACCIDENT,MOTORCYCLE_ACCIDENT,TRUCK_ACCIDENT,NOT_PRIVATE_PROPERTY,ALCOHOL_INVOLVED,STWD_VEHTYPE_AT_FAULT,CHP_VEHTYPE_AT_FAULT,COUNT_SEVERE_INJ,COUNT_VISIBLE_INJ,COUNT_COMPLAINT_PAIN,COUNT_PED_KILLED,COUNT_PED_INJURED,COUNT_BICYCLIST_KILLED,COUNT_BICYCLIST_INJURED,COUNT_MC_KILLED,COUNT_MC_INJURED,PRIMARY_RAMP,SECONDARY_RAMP,LATITUDE,LONGITUDE,COUNTY,CITY,POINT_X,POINT_Y
90920139,2019,2019-02-06,9120,2019-02-02,0425,019072,,6,3,9,0800,0,1,2,,2,006,"UNITED STATES HIGHWAY 101","REDWOOD DR",1162.00,N,N,C,-,Y,,,101,,,,,,,Y,2,0,1,1,A,-,08,22107,,N,F,I,A,B,H,-,D,D,0,,,,,Y,,D,22,1,0,0,0,0,0,0,0,0,"- ","- ",41.575778961181641,-124.07354736328125,"DEL NORTE",UNINCORPORATED,-124.07331085205078,41.575916290283203
90920500,2019,2019-02-06,9120,2019-02-05,1310,019072,,2,1,9,0800,0,1,2,,2,005,"UNITED STATES HIGHWAY 101","MINOT CREEK RD",12461.00,S,N,B,-,Y,,,101,,,,,,,Y,3,0,1,1,A,-,08,22107,,N,E,I,A,B,H,-,A,D,0,,,,,Y,,A,07,0,1,0,0,0,0,0,0,0,"- ","- ",41.674739837646484,-124.11366271972656,"DEL NORTE",UNINCORPORATED,-124.11356353759766,41.674694061279297
90921042,2019,2019-02-07,9120,2019-02-02,0015,021161,,6,3,9,0800,0,1,2,,2,005,US-101,"HAMILTON RD",1150.00,S,N,B,C,Y,,,101,,,,,,,Y,3,0,1,1,A,-,08,22107,,N,E,I,A,B,H,-,D,D,0,,,,,Y,,A,08,0,1,0,0,0,0,0,0,0,"- ","- ",41.720859527587891,-124.13810729980469,"DEL NORTE",UNINCORPORATED,-124.13808441162109,41.720870971679688
90933960,2019,2019-02-26,9120,2019-02-22,1034,021221,,5,1,9,0800,0,1,2,,2,001,"UNITED STATES HIGHWAY 101","STATE ROUTE 197",102.00,N,N,A,-,Y,,,101,,,,,,,Y,3,0,1,1,A,-,03,22350,,N,E,I,A,A,H,-,A,D,0,,,,,Y,,D,22,0,1,0,0,0,0,0,0,0,"- ","- ",41.881278991699219,-124.13686370849609,"DEL NORTE",UNINCORPORATED,-124.13685607910156,41.881278991699219
90941093,2019,2019-03-06,9120,2019-02-26,1915,021085,,2,2,9,0800,0,1,2,,2,001,US-101,"WILSON LN",148.00,S,N,C,-,Y,,,101,,,,,,,N,2,0,1,2,A,-,08,22107,,N,H,G,A,B,H,-,D,D,0,,Y,,,Y,,D,22,1,0,0,0,0,0,1,0,0,"- ","- ",41.918720245361328,-124.13665008544922,"DEL NORTE",UNINCORPORATED,-124.13661193847656,41.918720245361328
90941589,2019,2019-03-07,9120,2019-03-02,1230,020638,,6,1,9,0800,0,1,2,,2,005,"UNITED STATES HIGHWAY 101","HAMILTON RD",2640.00,S,N,A,-,Y,,,101,,,,,,,Y,3,0,1,1,A,-,08,22107,,N,F,J,A,B,H,-,A,D,0,,,,,Y,,A,01,0,1,0,0,0,0,0,0,0,"- ","- ",41.709400177001953,-124.12930297851562,"DEL NORTE",UNINCORPORATED,-124.12931060791016,41.709438323974609
90941735,2019,2019-03-07,9120,2019-03-02,1600,021597,,6,2,9,0800,0,1,2,,2,003,US-199,SR-197,0.00,,Y,A,-,Y,,,199,,,,,,,Y,2,0,1,2,A,-,09,21802,A,N,D,C,A,A,H,-,A,D,0,,,Y,,Y,,A,07,1,0,0,0,0,0,0,0,1,"- ","- ",41.805709838867188,-124.08123779296875,"DEL NORTE",UNINCORPORATED,-124.08127593994141,41.805675506591797
90941872,2019,2019-03-07,9120,2019-03-03,0845,019072,,7,1,9,0800,0,1,2,,2,005,"UNITED STATES HIGHWAY 101","ANCHOR WAY",1584.00,S,N,A,-,Y,,,101,,,,,,,N,4,0,1,2,A,-,03,22350,,N,C,C,A,A,H,-,A,D,0,,,,,Y,,A,07,0,0,1,0,0,0,0,0,0,"- ","- ",41.743820190429688,-124.17047119140625,"DEL NORTE",UNINCORPORATED,-124.17046356201172,41.743843078613281
90949238,2019,2019-03-19,9120,2019-03-12,0904,015954,,2,1,9,0800,0,1,2,,2,003,US-199,"KINGS VALLEY RD",2112.00,N,N,C,-,Y,,,199,,,,,,,Y,2,0,1,1,A,-,03,22350,,N,F,I,A,B,H,-,A,D,0,,,,Y,Y,,G,26,1,0,0,0,0,0,0,0,0,"- ","- ",41.808601379394531,-124.13014984130859,"DEL NORTE",UNINCORPORATED,-124.13016510009766,41.808509826660156
90949752,2018,2019-03-20,9120,2018-12-09,1430,021863,,7,2,9,0800,0,1,2,,2,005,"US-101 NORTHBOUND","MILL CREEK",9504.00,S,N,B,C,Y,,,101,,,,,,N,Y,1,2,4,2,A,-,03,22350,,N,D,C,A,B,H,-,A,D,0,,,,,Y,,A,01,2,2,0,0,0,0,0,0,0,"- ","- ",41.686691284179688,-124.10688018798828,"DEL NORTE",UNINCORPORATED,-124.10671997070312,41.686695098876953
90951556,2019,2019-03-22,9120,2019-03-15,1540,021863,,5,2,9,0800,0,2,4,,2,029,"US-101 ON-RAMP S/B","WASHINGTON BLVD",40.00,S,N,A,-,Y,,,101,,,,,,S,N,2,0,1,2,A,-,03,22350,,N,G,B,D,A,H,-,A,D,0,Y,,,,Y,,D,22,1,0,0,0,1,0,0,0,0,"- ","- ",41.772541046142578,-124.18853759765625,"DEL NORTE",UNINCORPORATED,-124.18781280517578,41.772235870361328
90951903,2019,2019-03-22,9120,2019-03-17,1825,021085,,7,2,9,0800,0,1,2,,2,003,US-199,"PATRICK CREEK RD",8342.00,S,N,A,-,Y,,,199,,,,,,,Y,3,0,1,1,A,-,08,22107,,N,F,A,A,A,H,-,A,D,0,,,Y,,Y,,C,02,0,1,0,0,0,0,0,0,1,"- ","- ",41.864780426025391,-123.86421966552734,"DEL NORTE",UNINCORPORATED,-123.86420440673828,41.864761352539062
90962356,2019,2019-04-05,9120,2019-03-31,1042,021221,,7,1,9,0800,0,1,2,,2,001,"UNITED STATES HIGHWAY 101","ROWDY CREEK RD",450.00,S,N,A,-,Y,,,101,,,,,,,N,2,0,1,1,A,-,03,22350,,N,H,J,A,A,H,-,A,D,0,,Y,,,Y,,L,04,1,0,0,0,0,0,1,0,0,"- ","- ",41.928150177001953,-124.1431884765625,"DEL NORTE",UNINCORPORATED,-124.14315032958984,41.928192138671875
90962522,2019,2019-04-08,9120,2019-03-30,0920,019915,,6,1,9,0800,0,1,2,,2,003,US-199,"PANTHER FLAT CAMPGROUND",2112.00,N,N,A,-,Y,,,199,,,,,,,Y,3,0,2,2,A,-,08,22107,,N,D,C,A,B,H,-,A,D,0,,,,,Y,,A,01,0,2,0,0,0,0,0,0,0,"- ","- ",41.845340728759766,-123.91956329345703,"DEL NORTE",UNINCORPORATED,-123.91956329345703,41.845367431640625
90963259,2019,2019-04-08,9120,2019-04-01,1620,021580,,1,2,9,0800,0,1,2,,2,005,US-101,"WILSON CREEK RD",14256.00,N,N,B,C,Y,,,101,,,,,,,Y,2,0,1,2,A,-,05,21460,A,N,B,C,A,B,H,-,A,D,0,,,Y,,Y,,C,02,1,0,0,0,0,0,0,0,1,"- ","- ",41.638408660888672,-124.11528015136719,"DEL NORTE",UNINCORPORATED,-124.11530303955078,41.638404846191406
90966711,2019,2019-04-12,9120,2019-04-02,1105,017994,,2,1,9,0800,0,1,2,,2,003,US-199,"PATRICK CREEK ROAD",7920.00,S,N,C,-,Y,,,199,,,,,,,Y,4,0,1,1,A,-,08,22107,,N,E,I,A,B,H,-,A,D,0,,,,,Y,,A,01,0,0,1,0,0,0,0,0,0,"- ","- ",41.864078521728516,-123.86489868164062,"DEL NORTE",UNINCORPORATED,-123.86485290527344,41.864040374755859
90968627,2019,2019-04-16,9120,2019-04-14,1450,021863,,7,2,9,0800,0,1,2,,2,006,US-101,"EHLERS AVE",1056.00,S,N,A,-,Y,,,101,,,,,,,Y,3,0,1,2,A,-,03,22350,,N,C,C,A,A,H,-,A,D,0,,,,,Y,,A,01,0,1,0,0,0,0,0,0,0,"- ","- ",41.527938842773438,-124.03829193115234,"DEL NORTE",UNINCORPORATED,-124.038330078125,41.527896881103516
90980558,2019,2019-05-02,9120,2019-04-23,1725,021085,,2,2,9,0800,0,1,2,,2,001,US-101,"LOPEZ RD",1759.00,S,N,A,-,Y,,,101,,,,,,,Y,3,0,1,2,A,-,05,21460,C,F,E,I,A,A,H,-,A,D,0,,,,,Y,,A,07,0,1,0,0,0,0,0,0,0,"- ","- ",41.943161010742188,-124.18961334228516,"DEL NORTE",UNINCORPORATED,-124.18959045410156,41.943202972412109
90988271,2019,2019-05-14,9120,2019-05-11,0830,017994,,6,1,9,0800,0,1,2,,2,004,"RT 199","SISKIYOU FORK ROAD",5808.00,N,N,A,-,Y,,,199,,,,,,,Y,3,0,1,1,A,-,08,22107,,N,E,J,A,A,H,-,A,D,0,,,,,Y,,A,07,0,1,0,0,0,0,0,0,0,"- ","- ",41.891689300537109,-123.79287719726562,"DEL NORTE",UNINCORPORATED,-123.79293060302734,41.891677856445312
90988769,2019,2019-05-15,9120,2019-03-14,1126,015954,,4,1,9,0800,0,1,2,,2,003,US-199,"PIONEER RD",15312.00,N,N,A,-,Y,,,199,,,,,,,Y,1,2,0,1,A,-,08,22107,,N,E,I,A,A,H,-,A,D,0,,,,,Y,,A,01,0,0,0,0,0,0,0,0,0,"- ","- ",41.859111785888672,-123.87568664550781,"DEL NORTE",UNINCORPORATED,-123.87567901611328,41.859016418457031
90992207,2019,2019-05-20,9120,2019-04-05,0705,020638,,5,1,9,0800,0,1,2,,2,005,"UNITED STATES HIGHWAY 101","MILL CREEK CAMPGROUND",745.00,N,N,B,C,Y,,,101,,,,,,,Y,1,1,0,2,A,-,03,22350,,N,B,C,A,B,H,-,D,D,0,,,,,Y,,A,07,0,0,0,0,0,0,0,0,0,"- ","- ",41.700088500976562,-124.12156677246094,"DEL NORTE",UNINCORPORATED,-124.12115478515625,41.700340270996094
90994415,2019,2019-06-18,9120,2019-05-12,2230,021279,,7,3,9,0800,0,1,2,,2,004,"US-199 S/B","OREGON MOUNTAIN RD",1692.00,S,N,A,-,Y,,,199,,,,,,S,Y,2,0,4,1,A,-,01,23152,A,N,E,I,A,A,H,-,D,D,0,,,,,Y,Y,A,01,3,1,0,0,0,0,0,0,0,"- ","- ",41.935600280761719,-123.75579071044922,"DEL NORTE",UNINCORPORATED,-123.75571441650391,41.935585021972656
90995607,2019,2019-05-24,9120,2019-05-16,1408,017248,,4,2,9,0800,0,1,2,,2,003,US-199,"WALKER ROAD",5280.00,S,N,B,-,Y,,,199,,,,,,,Y,4,0,1,1,A,-,03,22350,,N,E,I,A,B,H,-,A,D,0,,,,,Y,,A,01,0,0,1,0,0,0,0,0,0,"- ","- ",41.810859680175781,-124.12062835693359,"DEL NORTE",UNINCORPORATED,-124.12062835693359,41.810798645019531
90996639,2019,2019-05-28,9120,2019-05-19,0740,021085,,7,1,9,0800,0,1,2,,2,003,US-199,"FRENCH HILL RD",0.00,,Y,A,-,Y,,,199,,,,,,,Y,4,0,1,2,A,-,09,21801,A,N,D,C,A,A,H,-,A,D,0,,,,,Y,,D,22,0,0,1,0,0,0,0,0,0,"- ","- ",41.842880249023438,-124.00785064697266,"DEL NORTE",UNINCORPORATED,-124.00788116455078,41.842926025390625
90996742,2019,2019-05-28,9120,2019-05-19,1144,021085,,7,1,9,0800,0,1,2,,2,006,US-101,"REDWOOD DR",6019.00,N,N,A,-,Y,,,101,,,,,,,Y,3,0,3,2,A,-,09,21801,A,N,A,C,A,A,H,-,A,D,0,,,,,Y,,A,01,0,3,0,0,0,0,0,0,0,"- ","- ",41.584171295166016,-124.08666229248047,"DEL NORTE",UNINCORPORATED,-124.086669921875,41.584125518798828
90997001,2019,2019-05-28,9120,2019-05-20,1350,021597,,1,1,9,0800,0,1,2,,2,003,US-199,"PANTHER FLAT CAMPGORUND",4224.00,N,N,B,-,Y,,,199,,,,,,,Y,3,0,1,1,A,-,03,22350,,N,E,I,A,A,C,-,A,D,0,,,,,Y,,A,01,0,1,0,0,0,0,0,0,0,"- ","- ",41.84796142578125,-123.91429138183594,"DEL NORTE",UNINCORPORATED,-123.91428375244141,41.847946166992188
90997301,2019,2019-05-28,9120,2019-05-21,1435,021863,,2,2,9,0800,0,1,2,,2,005,US-101,"MILL CREEK",500.00,N,N,B,C,Y,,,101,,,,,,,Y,2,0,1,1,A,-,03,22350,,N,E,I,A,B,H,-,A,D,0,,,,,Y,,A,07,1,0,0,0,0,0,0,0,0,"- ","- ",41.701141357421875,-124.12190246582031,"DEL NORTE",UNINCORPORATED,-124.12180328369141,41.701229095458984
91001053,2019,2019-05-31,9120,2019-05-23,0258,021580,,4,3,9,0800,0,1,2,,2,003,US-199,"WALKER RD",8395.00,S,N,A,-,Y,,,199,,,,,,,Y,3,0,3,1,A,-,08,22107,,F,B,I,A,A,H,-,D,D,0,,,,,Y,,A,01,0,2,1,0,0,0,0,0,0,"- ","- ",41.808551788330078,-124.12944030761719,"DEL NORTE",UNINCORPORATED,-124.12943267822266,41.808506011962891
91002280,2019,2019-06-03,9120,2019-05-26,1045,017994,,7,1,9,0800,0,1,2,,2,005,US-101,"WILSON CREEK RD",18322.00,N,N,B,-,Y,,,101,,,,,,,Y,4,0,3,7,A,-,08,22107,,N,G,C,F,B,H,-,A,D,0,Y,,,,Y,,A,01,0,0,3,0,3,0,0,0,0,"- ","- ",41.647899627685547,-124.11284637451172,"DEL NORTE",UNINCORPORATED,-124.11280822753906,41.647945404052734
91012515,2019,2019-06-18,9120,2019-06-09,1300,017994,,7,1,9,0800,0,1,2,,2,003,US-199,"WALKER RD",30.00,S,N,A,-,Y,,,199,,,,,,,Y,4,0,1,2,A,-,03,22350,,N,C,C,A,A,H,-,A,D,0,,,,,Y,,A,01,0,0,1,0,0,0,0,0,0,"- ","- ",41.811561584472656,-124.10865783691406,"DEL NORTE",UNINCORPORATED,-124.10865783691406,41.811450958251953
91012664,2019,2019-06-18,9120,2019-06-09,1301,017994,,7,1,9,0800,0,1,2,,2,003,US-199,"WALKER RD",35.00,S,N,A,-,Y,,,199,,,,,,,Y,4,0,1,3,A,-,03,22350,,N,C,C,A,A,H,-,A,D,0,,,,,Y,,D,22,0,0,1,0,0,0,0,0,0,"- ","- ",41.811550140380859,-124.10871887207031,"DEL NORTE",UNINCORPORATED,-124.10871887207031,41.811450958251953
91012739,2019,2019-06-18,9120,2019-06-10,1415,021580,,1,2,9,0800,0,2,4,,2,027,US-101,"SHORE LINE DRIVE",2798.00,N,N,A,-,Y,,,101,,,,,,,Y,3,0,2,2,A,-,05,21460,,N,B,C,A,A,H,-,A,A,0,,,Y,,Y,,C,02,0,1,1,0,0,0,0,0,2,"- ","- ",41.972949981689453,-124.20291137695312,"DEL NORTE",UNINCORPORATED,-124.20297241210938,41.972946166992188
91014774,2019,2019-06-21,9120,2019-06-15,1105,020638,,6,1,9,0800,0,1,2,,2,005,"UNITED STATES HIGHWAY 101","MILL CREEK CAMPGROUND",19536.00,S,N,B,-,Y,,,101,,,,,,,Y,3,0,2,3,A,-,03,22350,,N,B,C,A,A,H,-,A,D,0,,,Y,,Y,,C,02,0,2,0,0,0,0,0,0,2,"- ","- ",41.655799865722656,-124.11585998535156,"DEL NORTE",UNINCORPORATED,-124.11587524414062,41.655803680419922
91016333,2019,2019-06-24,9120,2019-06-20,1250,019072,,4,1,9,0800,0,1,2,,2,006,"UNITED STATES HIGHWAY 101","HUNTER CREEK RD",1200.00,N,N,A,-,Y,,,101,,,,,,,Y,3,0,1,1,A,-,08,22107,,N,E,I,A,A,H,-,A,D,0,,,,,Y,Y,D,22,0,1,0,0,0,0,0,0,0,"- ","- ",41.563728332519531,-124.06590270996094,"DEL NORTE",UNINCORPORATED,-124.06587219238281,41.563766479492188
91026454,2019,2019-07-08,9120,2019-07-01,1825,021597,,1,2,9,0800,0,1,2,,2,005,US-101,"MILL CREEK CAMPGROUND RD.",5280.00,N,N,B,-,Y,,,101,,,,,,,Y,3,0,2,1,A,-,08,22107,,N,E,I,A,A,H,-,A,D,0,,,,,Y,,A,07,0,2,0,0,0,0,0,0,0,"- ","- ",41.709419250488281,-124.12975311279297,"DEL NORTE",UNINCORPORATED,-124.12973785400391,41.709354400634766
91029087,2019,2019-07-11,9120,2019-07-10,0145,021279,,3,3,9,0800,0,1,2,,2,001,US-101,"FRED HAIGHT DR",400.00,N,N,C,-,Y,,,101,,,,,,,Y,4,0,1,1,C,-,18,,,N,E,H,A,B,H,-,D,D,0,,,,,Y,,-,"- ",0,0,1,0,0,0,0,0,0,"- ","- ",41.884941101074219,-124.13674163818359,"DEL NORTE",UNINCORPORATED,-124.13675689697266,41.884941101074219
91030379,2019,2019-07-15,9120,2019-07-04,1450,021085,,4,2,9,0800,0,1,2,,2,004,US-199,"LITTLE JONES CREEK",4224.00,N,N,A,-,Y,,,199,,,,,,,Y,3,0,1,1,A,-,08,22107,,N,E,I,A,A,H,-,A,D,0,,,Y,,Y,,C,02,0,1,0,0,0,0,0,0,1,"- ","- ",41.8897705078125,-123.79557037353516,"DEL NORTE",UNINCORPORATED,-123.79557037353516,41.889785766601562
91031610,2019,2019-07-16,9120,2019-07-11,1123,019915,,4,1,9,0800,0,1,2,,2,002,US-101,"ELK VALLEY CROSS ROAD",0.00,,Y,B,-,Y,,,101,,,,,,,Y,3,0,1,2,A,-,09,21800,B,N,D,C,A,A,H,-,A,D,0,,,,,Y,,A,01,0,1,0,0,0,0,0,0,0,"- ","- ",41.807910919189453,-124.14766693115234,"DEL NORTE",UNINCORPORATED,-124.14768218994141,41.807910919189453
91031708,2019,2019-07-25,9120,2019-07-12,0956,019915,,5,1,2,0801,0,1,S,,2,901,US-101,"COOPER AVE.",229.00,S,N,B,-,Y,,,101,,,,,,,Y,3,0,1,2,A,-,07,21658,A,N,B,C,A,A,H,-,A,D,0,,,,,Y,,A,01,0,1,0,0,0,0,0,0,0,"- ","- ",41.760398864746094,-124.19779968261719,"DEL NORTE","CRESCENT CITY",-124.19775390625,41.760395050048828
91039627,2019,2019-07-26,9120,2019-07-21,1342,021597,,7,1,9,0800,0,1,2,,2,004,US-199,"LITTLE JONES CREEK",4752.00,S,N,A,-,Y,,,199,,,,,,,Y,3,0,2,1,A,-,08,22107,,N,F,A,A,A,H,-,A,D,0,,,Y,,Y,,C,02,0,2,0,0,0,0,0,0,2,"- ","- ",41.882400512695312,-123.82466888427734,"DEL NORTE",UNINCORPORATED,-123.82457733154297,41.882522583007812
91044260,2019,2019-08-02,9120,2019-07-25,1750,021446,,4,2,9,0800,0,1,2,,2,005,US-101,"RUDISILL RD",5280.00,N,N,A,-,Y,,,101,,,,,,,Y,4,0,1,2,A,-,03,22350,,N,A,C,A,A,H,-,A,A,0,,,,,Y,,D,22,0,0,1,0,0,0,0,0,0,"- ","- ",41.633899688720703,-124.1156005859375,"DEL NORTE",UNINCORPORATED,-124.11561584472656,41.633895874023438
91047497,2019,2019-10-08,9120,2019-05-17,1450,021446,,5,2,9,0800,0,1,2,,2,005,US-101,"MILL CREEK CAMPGROUND  ROAD",5597.00,S,N,C,-,Y,,,101,,,,,,,Y,1,1,3,1,A,-,03,22350,,N,E,I,A,B,H,-,A,D,0,,,,,Y,,A,01,3,0,0,0,0,0,0,0,0,"- ","- ",41.688961029052734,-124.10664367675781,"DEL NORTE",UNINCORPORATED,-124.10659027099609,41.688941955566406
91048292,2019,2019-08-08,9120,2019-07-19,1320,019915,,5,1,9,0800,0,1,2,,2,004,US-199,"LITTLE JONES CREEK",402.00,N,N,A,-,Y,,,199,,,,,,,Y,1,2,0,2,C,-,18,,,N,G,C,A,A,H,-,A,D,0,,,Y,,Y,,-,"- ",0,0,0,0,0,0,0,2,0,"- ","- ",41.883899688720703,-123.81807708740234,"DEL NORTE",UNINCORPORATED,-123.81796264648438,41.883449554443359
91049205,2019,2019-08-09,9120,2019-08-03,1649,021597,,6,2,9,0800,0,1,2,,2,003,US-199,"KINGS VALLEY ROAD AND PARKWAY DRIVE",0.00,,Y,A,-,Y,,,199,,,,,,,Y,2,0,5,2,A,-,09,21802,A,N,D,C,A,A,H,-,A,D,0,,,,,Y,Y,A,01,2,3,0,0,0,0,0,0,0,"- ","- ",41.804481506347656,-124.13894653320312,"DEL NORTE",UNINCORPORATED,-124.13894653320312,41.804462432861328
91052269,2019,2019-08-14,9120,2019-08-10,1230,021161,,6,1,9,0800,0,1,2,,2,005,US-101,"WILSON CREEK RD",15840.00,N,N,E,-,Y,,,101,,,,,,,Y,4,0,3,2,A,-,03,22350,,N,C,C,A,B,H,-,A,A,0,,,,,Y,,A,01,0,0,3,0,0,0,0,0,0,"- ","- ",41.640251159667969,-124.11518859863281,"DEL NORTE",UNINCORPORATED,-124.11513519287109,41.6402587890625
91054987,2019,2019-08-19,9120,2019-08-11,1240,021161,,7,1,9,0800,0,1,2,,2,003,US-199,"ELK VALLEY CROSS RD",0.00,,Y,A,-,Y,,,199,,,,,,,Y,3,0,5,2,A,-,09,21802,A,N,D,C,A,A,H,-,A,A,0,,,,,Y,,A,01,0,2,3,0,0,0,0,0,0,"- ","- ",41.804359436035156,-124.14322662353516,"DEL NORTE",UNINCORPORATED,-124.14323425292969,41.804302215576172
91056553,2019,2019-08-21,9120,2019-08-10,1535,021597,,6,2,9,0800,0,1,2,,2,001,US-101,"TIMBERS WAY",0.00,,Y,A,-,Y,,,101,,,,,,,Y,3,0,9,3,A,-,03,22350,,N,C,C,A,A,H,-,A,D,0,,,,,Y,,A,07,0,6,3,0,0,0,0,0,0,"- ","- ",41.925449371337891,-124.14060974121094,"DEL NORTE",UNINCORPORATED,-124.14064788818359,41.9254150390625
91056741,2019,2019-08-21,9120,2019-08-11,1710,021863,,7,2,9,0800,0,1,2,,2,004,US-199,"PATRICK CREEK",7709.00,N,N,A,-,Y,,,199,,,,,,,Y,3,0,1,1,A,-,08,22107,,N,E,I,A,A,H,-,A,D,0,,,,,Y,,A,07,0,1,0,0,0,0,0,0,0,"- ","- ",41.872108459472656,-123.83199310302734,"DEL NORTE",UNINCORPORATED,-123.83194732666016,41.872081756591797
91059465,2019,2019-08-26,9120,2019-08-16,0545,021161,,5,3,9,0800,0,1,2,,2,005,US-101,"MILL CREEK",7920.00,S,N,A,-,Y,,,101,,,,,,,Y,3,0,1,1,A,-,08,22107,,N,F,A,A,A,H,-,C,D,0,,,,,Y,,D,22,0,1,0,0,0,0,0,0,0,"- ","- ",41.684829711914062,-124.10935974121094,"DEL NORTE",UNINCORPORATED,-124.10932922363281,41.6846923828125
91064683,2019,2019-08-30,9120,2019-08-26,1435,021597,,1,2,9,0800,0,1,2,,2,002,US-101,"ELK VALLEY CROSS ROAD",0.00,,Y,A,-,Y,,,101,,,,,,,Y,2,0,3,2,A,-,09,21802,A,N,D,C,A,A,H,-,A,D,0,,,,,Y,,A,01,1,2,0,0,0,0,0,0,0,"- ","- ",41.807880401611328,-124.14768981933594,"DEL NORTE",UNINCORPORATED,-124.14768981933594,41.807880401611328
91067563,2019,2019-09-04,9120,2019-08-26,2320,021221,,1,3,9,0800,0,1,2,,2,001,"UNITED STATES HIGHWAY 101","FRED HAIGHT DRIVE",0.00,,Y,A,-,Y,,,101,,,,,,,Y,3,0,1,1,A,-,01,23152,F,N,E,I,A,A,H,-,C,D,0,,,,,Y,,A,07,0,1,0,0,0,0,0,0,0,"- ","- ",41.929908752441406,-124.14594268798828,"DEL NORTE",UNINCORPORATED,-124.14591217041016,41.929965972900391
91071366,2019,2019-09-10,9120,2019-09-02,1355,021580,,1,1,9,0800,0,1,2,,2,006,US-101,"WILSON CREEK RD",6917.00,S,N,A,-,Y,,,101,,,,,,,Y,4,0,1,1,C,-,18,,,N,E,I,A,A,H,-,A,D,0,,,,,Y,,-,"- ",0,0,1,0,0,0,0,0,0,"- ","- ",41.586181640625,-124.09204864501953,"DEL NORTE",UNINCORPORATED,-124.09209442138672,41.586139678955078