CASE_ID,ACCIDENT_YEAR,PROC_DATE,JURIS,COLLISION_DATE,COLLISION_TIME,OFFICER_ID,REPORTING_DISTRICT,DAY_OF_WEEK,CHP_SHIFT,POPULATION,CNTY_CITY_LOC,SPECIAL_COND,BEAT_TYPE,CHP_BEAT_TYPE,CITY_DIVISION_LAPD,CHP_BEAT_CLASS,BEAT_NUMBER,PRIMARY_RD,SECONDARY_RD,DISTANCE,DIRECTION,INTERSECTION,WEATHER_1,WEATHER_2,STATE_HWY_IND,CALTRANS_COUNTY,CALTRANS_DISTRICT,STATE_ROUTE,ROUTE_SUFFIX,POSTMILE_PREFIX,POSTMILE,LOCATION_TYPE,RAMP_INTERSECTION,SIDE_OF_HWY,TOW_AWAY,COLLISION_SEVERITY,NUMBER_KILLED,NUMBER_INJURED,PARTY_COUNT,PRIMARY_COLL_FACTOR,PCF_CODE_OF_VIOL,PCF_VIOL_CATEGORY,PCF_VIOLATION,PCF_VIOL_SUBSECTION,HIT_AND_RUN,TYPE_OF_COLLISION,MVIW,PED_ACTION,ROAD_SURFACE,ROAD_COND_1,ROAD_COND_2,LIGHTING,CONTROL_DEVICE,CHP_ROAD_TYPE,PEDESTRIAN_ACCIDENT,BICYCLE_ACCIDENT,MOTORCYCLE_ACCIDENT,TRUCK_ACCIDENT,NOT_PRIVATE_PROPERTY,ALCOHOL_INVOLVED,STWD_VEHTYPE_AT_FAULT,CHP_VEHTYPE_AT_FAULT,COUNT_SEVERE_INJ,COUNT_VISIBLE_INJ,COUNT_COMPLAINT_PAIN,COUNT_PED_KILLED,COUNT_PED_INJURED,COUNT_BICYCLIST_KILLED,COUNT_BICYCLIST_INJURED,COUNT_MC_KILLED,COUNT_MC_INJURED,PRIMARY_RAMP,SECONDARY_RAMP,LATITUDE,LONGITUDE,COUNTY,CITY,POINT_X,POINT_Y
91073744,2019,2019-09-12,9120,2019-09-08,2340,021279,,7,3,9,0800,0,1,2,,2,004,"US-199 S/B","SISKIYOU FORK ROAD",9979.00,N,N,B,C,Y,,,199,,,,,,S,Y,4,0,1,1,A,-,01,23152,A,N,E,I,A,B,H,-,D,D,0,,,,,Y,Y,A,01,0,0,1,0,0,0,0,0,0,"- ","- ",41.894241333007812,-123.7828369140625,"DEL NORTE",UNINCORPORATED,-123.78284454345703,41.894306182861328
91074978,2019,2019-09-16,9120,2019-09-09,0850,015954,,1,1,9,0800,0,1,S,,2,900,US-199,"KNOPKI CREEK RD",4224.00,N,N,C,-,Y,,,199,,,,,,,Y,4,0,1,1,A,-,03,22350,,N,F,A,A,B,H,-,A,D,0,,,,,Y,,A,07,0,0,1,0,0,0,0,0,0,"- ","- ",41.935478210449219,-123.75582122802734,"DEL NORTE",UNINCORPORATED,-123.7557373046875,41.935466766357422
91081824,2019,2019-09-24,9120,2019-09-22,0605,021161,,7,1,9,0800,0,1,2,,2,003,US-199,"KINGS VALLEY RD",3000.00,N,N,B,-,Y,,,199,,,,,,,Y,4,0,1,1,A,-,03,22350,,N,E,I,A,B,H,-,D,D,0,,,,,Y,,D,22,0,0,1,0,0,0,0,0,0,"- ","- ",41.80841064453125,-124.12950897216797,"DEL NORTE",UNINCORPORATED,-124.12952423095703,41.808494567871094
91082882,2019,2019-09-25,9120,2019-09-22,1820,021580,,7,2,9,0800,0,3,5,,2,042,US-199,"OREGON MOUNTAIN ROAD (SOUTH)",2482.00,S,N,B,C,Y,,,199,,,,,,,Y,3,0,1,1,A,-,03,22350,,N,E,I,A,B,H,-,A,D,0,,,,,Y,,A,01,0,1,0,0,0,0,0,0,0,"- ","- ",41.933101654052734,-123.75666809082031,"DEL NORTE",UNINCORPORATED,-123.75666809082031,41.933101654052734
91083456,2019,2019-09-26,9120,2019-09-23,1610,017248,,1,2,9,0800,0,1,2,,2,003,US199,"PATRICK CREEK BRIDGE",2112.00,S,N,A,-,Y,,,199,,,,,,,Y,4,0,2,1,A,-,08,22107,,N,E,I,A,A,H,-,A,D,0,,,,,Y,,D,22,0,0,2,0,0,0,0,0,0,"- ","- ",41.871749877929688,-123.85031890869141,"DEL NORTE",UNINCORPORATED,-123.85031890869141,41.871726989746094
91088980,2019,2019-10-02,9120,2019-09-29,1417,021580,,7,2,9,0800,0,2,4,,2,030,US-199,"WALKER RD",5069.00,S,N,B,C,Y,,,199,,,,,,,Y,3,0,1,2,A,-,03,22350,,N,E,I,A,B,H,-,A,D,0,,,,,Y,,D,22,0,1,0,0,0,0,0,0,0,"- ","- ",41.811050415039062,-124.12557220458984,"DEL NORTE",UNINCORPORATED,-124.12543487548828,41.810886383056641
91089751,2019,2019-10-10,9120,2019-09-25,1400,021085,,3,2,9,0800,0,1,2,,2,001,US-101,"CRISSEY LN",67.00,S,N,A,-,Y,,,101,,,,,,,Y,2,0,3,2,A,-,05,21650,,N,A,C,A,A,H,-,A,D,0,,,,,Y,,A,07,2,1,0,0,0,0,0,0,0,"- ","- ",41.995899200439453,-124.20809936523438,"DEL NORTE",UNINCORPORATED,-124.20813751220703,41.995895385742188
91090612,2019,2019-10-04,9120,2019-09-29,2000,021863,,7,2,9,0800,0,1,2,,2,006,US-101,"WILSON CREEK RD",4752.00,S,N,B,-,Y,,,101,,,,,,,N,4,0,1,2,A,-,03,22350,,N,C,C,A,B,H,-,D,D,0,,,,,Y,,A,01,0,0,1,0,0,0,0,0,0,"- ","- ",41.592239379882812,-124.09689331054688,"DEL NORTE",UNINCORPORATED,-124.09689331054688,41.592235565185547
91099136,2019,2019-10-16,9120,2019-10-06,1716,021279,,7,2,9,0800,0,1,2,,2,002,US-101,"TAMARAK DR",1297.00,S,N,A,-,Y,,,101,,,,,,,Y,2,0,1,3,A,-,01,23152,F,N,B,C,A,A,H,-,A,D,0,,,,,Y,,D,22,1,0,0,0,0,0,0,0,0,"- ","- ",41.84423828125,-124.14325714111328,"DEL NORTE",UNINCORPORATED,-124.14327239990234,41.844242095947266
91100936,2019,2019-10-18,9120,2019-10-10,1935,021863,,4,2,9,0800,0,1,2,,2,001,US-101,"S INDIAN ROAD",0.00,,Y,A,-,Y,,,101,,,,,,,Y,2,0,1,2,A,-,10,21950,A,N,G,B,B,A,H,-,C,A,0,Y,,,,Y,,A,07,1,0,0,0,1,0,0,0,0,"- ","- ",41.956871032714844,-124.20437622070312,"DEL NORTE",UNINCORPORATED,-124.20437622070312,41.956867218017578
91103655,2019,2019-10-23,9120,2019-10-21,1500,017248,,1,2,9,0800,0,1,2,,2,003,US199,"WALKER ROAD",1320.00,S,N,A,-,Y,,,199,,,,,,,Y,2,0,3,2,A,-,01,23153,A,N,A,C,A,A,H,-,A,D,0,,,,,Y,Y,A,01,1,2,0,0,0,0,0,0,0,"- ","- ",41.809890747070312,-124.11248016357422,"DEL NORTE",UNINCORPORATED,-124.11248016357422,41.809883117675781
91104355,2019,2019-10-23,9120,2019-10-17,1200,019348,,4,1,9,0800,0,1,2,,2,003,"US-199 NORTHBOUND","WALKER RD",2640.00,S,N,B,C,Y,,,199,,,,,,N,Y,4,0,1,1,A,-,03,22350,,N,E,J,A,B,H,-,A,D,0,,,,,Y,,A,01,0,0,1,0,0,0,0,0,0,"- ","- ",41.810531616210938,-124.12464141845703,"DEL NORTE",UNINCORPORATED,-124.12481689453125,41.811100006103516
91106768,2019,2019-10-25,9120,2019-10-17,1405,021279,,4,2,9,0800,0,1,2,,2,005,"US-101 N/B","RUDISILL RD",10771.00,N,N,B,-,Y,,,101,,,,,,N,Y,3,0,2,1,A,-,03,22350,,N,E,I,A,B,H,-,A,D,0,,,,,Y,,D,22,0,2,0,0,0,0,0,0,0,"- ","- ",41.647281646728516,-124.11266326904297,"DEL NORTE",UNINCORPORATED,-124.11244201660156,41.647384643554688
91108811,2019,2019-10-29,9120,2019-10-19,1735,021597,,6,2,9,0800,0,1,2,,2,006,US-101,"WILSON CREEK RD",7392.00,S,N,B,-,Y,,,101,,,,,,,Y,2,0,2,1,A,-,01,23152,F,N,E,I,A,B,H,-,A,D,0,,,,,Y,,A,01,1,1,0,0,0,0,0,0,0,"- ","- ",41.585361480712891,-124.09127044677734,"DEL NORTE",UNINCORPORATED,-124.09123992919922,41.585403442382812
91109052,2019,2019-10-29,9120,2019-10-19,0900,019348,,6,1,9,0800,0,1,2,,2,003,"US-199 S/B","SOUTH FORK RD.",10032.00,N,N,B,-,Y,,,199,,,,,,S,Y,4,0,4,1,A,-,08,22107,,N,E,I,A,B,H,-,A,D,0,,,,,Y,,A,01,0,0,4,0,0,0,0,0,0,"- ","- ",41.821868896484375,-124.03533935546875,"DEL NORTE",UNINCORPORATED,-124.03532409667969,41.82183837890625
91113585,2019,2019-11-05,9120,2019-10-30,1717,021597,,3,2,9,0800,0,1,2,,2,002,US-101,SR-197,425.00,S,N,A,-,Y,,,101,,,,,,,Y,4,0,1,2,A,-,03,22350,,N,C,C,A,A,H,-,A,D,0,,,,,Y,,A,01,0,0,1,0,0,0,0,0,0,"- ","- ",41.880401611328125,-124.13700103759766,"DEL NORTE",UNINCORPORATED,-124.13700103759766,41.880401611328125
91113865,2019,2019-11-05,9120,2019-10-08,1030,015954,,2,1,9,0800,0,1,2,,2,004,US-199,"LITTLE JONES CREEK",528.00,N,N,A,-,Y,,,199,,,,,,,Y,1,2,0,1,A,-,08,22107,,N,E,I,A,A,H,-,A,D,0,,,,,Y,,D,22,0,0,0,0,0,0,0,0,0,"- ","- ",41.883319854736328,-123.8167724609375,"DEL NORTE",UNINCORPORATED,-123.81675720214844,41.883426666259766
91123419,2019,2019-11-19,9120,2019-11-11,1811,021580,,1,2,9,0800,0,1,2,,2,006,US-101,"EHLERS WAY",19.00,S,N,A,-,Y,,,101,,,,,,,Y,2,0,1,1,A,-,01,23152,F,M,E,I,A,A,H,-,B,D,0,,,,,Y,,A,01,1,0,0,0,0,0,0,0,0,"- ","- ",41.531280517578125,-124.04161071777344,"DEL NORTE",UNINCORPORATED,-124.04166412353516,41.531223297119141
91124483,2019,2019-11-20,9120,2019-11-12,2030,021580,,2,2,9,0800,0,1,2,,2,005,US-101,"MILL CREEK CAMPGROUND ROAD",8976.00,S,N,A,-,Y,,,101,,,,,,,Y,3,0,1,1,A,-,08,22107,,N,B,I,A,A,H,-,D,D,0,,,,,Y,,A,07,0,1,0,0,0,0,0,0,0,"- ","- ",41.683609008789062,-124.11328887939453,"DEL NORTE",UNINCORPORATED,-124.11322784423828,41.68353271484375
91128654,2019,2019-11-25,9120,2019-11-14,1535,021597,,4,2,9,0800,0,1,2,,2,005,US-101,"WILSON CREEK RD",17424.00,N,N,B,-,Y,,,101,,,,,,,Y,2,0,5,2,A,-,03,22350,,N,A,C,A,B,H,-,A,D,0,,,,,Y,,A,07,4,0,1,0,0,0,0,0,0,"- ","- ",41.648101806640625,-124.11318206787109,"DEL NORTE",UNINCORPORATED,-124.11311340332031,41.648185729980469
91128893,2019,2019-11-25,9120,2019-11-15,1535,021863,,5,2,9,0800,0,1,2,,2,004,US-199,"KNOPTI CREEK",4066.00,N,N,B,-,Y,,,199,,,,,,,Y,3,0,1,1,A,-,03,22350,,N,F,A,A,B,H,-,A,D,0,,,,,Y,,A,07,0,1,0,0,0,0,0,0,0,"- ","- ",41.933868408203125,-123.75644683837891,"DEL NORTE",UNINCORPORATED,-123.75679779052734,41.934158325195312
91130922,2019,2019-11-27,9120,2019-11-20,0240,021221,,3,3,9,0800,0,1,2,,2,004,"UNITED STATES HIGHWAY 199","KNOPKI CREEK ROAD",5280.00,S,N,A,-,Y,,,199,,,,,,,Y,2,0,1,1,A,-,01,23152,A,N,E,I,A,A,H,-,D,D,0,,,,,Y,Y,A,07,1,0,0,0,0,0,0,0,0,"- ","- ",41.913558959960938,-123.76959228515625,"DEL NORTE",UNINCORPORATED,-123.76957702636719,41.913551330566406
91134703,2019,2019-12-03,9120,2019-11-27,1957,021279,,3,2,9,0800,0,1,2,,2,005,"US-101 N/B","RUDISILL RD",11299.00,N,N,B,-,Y,,,101,,,,,,N,Y,2,0,2,1,A,-,01,23152,F,N,E,I,A,B,H,-,D,D,0,,,,,Y,,D,22,1,1,0,0,0,0,0,0,0,"- ","- ",41.648368835449219,-124.11366271972656,"DEL NORTE",UNINCORPORATED,-124.11354827880859,41.648517608642578
91137429,2019,2019-12-06,9120,2019-11-26,1238,021161,,2,1,9,0800,0,1,2,,2,003,US-199,US-197,0.00,,Y,C,-,Y,,,199,,,,,,,Y,4,0,1,2,A,-,03,22350,,N,D,C,A,B,H,-,A,D,0,,,,Y,Y,,A,07,0,0,1,0,0,0,0,0,0,"- ","- ",41.805759429931641,-124.08126831054688,"DEL NORTE",UNINCORPORATED,-124.08131408691406,41.805717468261719
91141530,2019,2019-12-11,9120,2019-12-11,0725,019072,,3,1,9,0800,0,1,2,,2,006,"UNITED STATES HIGHWAY 101","EHLERS WAY",0.00,,Y,B,-,Y,,,101,,,,,,,Y,4,0,1,2,A,-,09,21802,A,N,D,C,A,B,H,-,A,A,0,,,,,Y,,D,22,0,0,1,0,0,0,0,0,0,"- ","- ",41.531448364257812,-124.04177093505859,"DEL NORTE",UNINCORPORATED,-124.04183197021484,41.531387329101562
91151415,2019,2019-12-24,9120,2019-12-14,1320,021161,,6,1,9,0800,0,1,2,,2,005,US-101,"HAMILTON ROAD",1500.00,N,N,B,C,Y,,,101,,,,,,,Y,4,0,1,1,A,-,03,22350,,N,E,I,A,B,H,-,A,D,0,,,,,Y,,A,01,0,0,1,0,0,0,0,0,0,"- ","- ",41.727741241455078,-124.14246368408203,"DEL NORTE",UNINCORPORATED,-124.14250183105469,41.727714538574219
91151740,2019,2019-12-24,9120,2019-12-16,0854,021161,,1,1,9,0800,0,1,2,,2,003,US-199,"PIONEER ROAD",2920.00,N,N,A,-,Y,,,199,,,,,,,Y,3,0,1,1,A,-,08,22107,,N,E,I,A,A,H,-,A,D,0,,,,Y,Y,,G,25,0,1,0,0,0,0,0,0,0,"- ","- ",41.845130920410156,-123.92165374755859,"DEL NORTE",UNINCORPORATED,-123.92164611816406,41.8450927734375
91158799,2019,2020-01-03,9120,2019-12-30,1444,021597,,1,2,2,0801,0,1,S,,2,901,US-101,"CITIZENS DOCK RD",0.00,,Y,A,-,Y,,,101,,,,,,,Y,3,0,1,5,A,-,08,22107,,N,D,C,A,A,H,-,A,D,0,,,,,Y,,D,22,0,1,0,0,0,0,0,0,0,"- ","- ",41.748798370361328,-124.18045806884766,"DEL NORTE","CRESCENT CITY",-124.18040466308594,41.748874664306641
91160882,2019,2020-01-07,9120,2019-12-31,2058,021580,,2,2,9,0800,0,1,2,,2,001,US-101,"LOPEZ ROAD",3696.00,S,N,C,-,Y,,,101,,,,,,,Y,4,0,1,2,A,-,01,23152,A,M,B,C,A,B,H,-,C,D,0,,,,,Y,Y,A,01,0,0,1,0,0,0,0,0,0,"- ","- ",41.93988037109375,-124.18221282958984,"DEL NORTE",UNINCORPORATED,-124.18220520019531,41.939895629882812
91163358,2020,2020-01-10,9120,2020-01-05,0745,019348,,7,1,9,0800,0,1,2,,2,003,US-199,"PATRICK CREEK",1584.00,S,N,B,-,Y,,,199,,,,,,,Y,4,0,1,1,A,-,08,22107,,N,E,I,A,B,H,-,A,D,0,,,,,Y,,A,07,0,0,1,0,0,0,0,0,0,"- ","- ",41.852481842041016,-123.89839172363281,"DEL NORTE",UNINCORPORATED,-123.89841461181641,41.852645874023438
91169624,2020,2020-01-21,9120,2020-01-10,1700,021446,,5,2,9,0800,0,1,2,,2,005,US-101,"MILL CREEK",739.00,N,N,C,-,Y,,,101,,,,,,,Y,4,0,1,1,A,-,08,22107,,N,E,I,A,B,H,-,B,D,0,,,,,Y,,A,01,0,0,1,0,0,0,0,0,0,"- ","- ",41.700450897216797,-124.1214599609375,"DEL NORTE",UNINCORPORATED,-124.12128448486328,41.700553894042969
91171196,2020,2020-01-23,9120,2020-01-17,1251,019915,,5,1,9,0800,0,1,2,,2,005,US-101,"RUDISILL RD",11510.00,N,N,B,-,Y,,,101,,,,,,,Y,3,0,1,1,A,-,03,22350,,N,E,I,A,B,H,-,A,D,0,,,,,Y,,A,01,0,1,0,0,0,0,0,0,0,"- ","- ",41.64849853515625,-124.11264038085938,"DEL NORTE",UNINCORPORATED,-124.11296844482422,41.648075103759766
91177261,2020,2020-01-30,9120,2020-01-23,0820,019915,,4,1,9,0800,0,1,2,,2,002,US-101,"GAVIN RD.",0.00,,Y,B,-,Y,,,101,,,,,,,Y,4,0,2,2,A,-,09,21802,A,N,D,C,A,B,H,-,A,D,0,,,,,Y,,A,01,0,0,2,0,0,0,0,0,0,"- ","- ",41.8260498046875,-124.14482116699219,"DEL NORTE",UNINCORPORATED,-124.14493560791016,41.826065063476562
91177467,2020,2020-01-31,9120,2020-01-22,1454,021446,,3,2,9,0800,0,1,2,,2,005,US-101,"HAMILTON RD",6494.00,N,N,B,-,Y,,,101,,,,,,,Y,4,0,1,1,A,-,01,23152,A,N,E,I,A,B,H,-,A,A,0,,,,,Y,Y,A,01,0,0,1,0,0,0,0,0,0,"- ","- ",41.709739685058594,-124.12770080566406,"DEL NORTE",UNINCORPORATED,-124.127685546875,41.709697723388672
91178683,2020,2020-02-03,9120,2020-01-27,1634,021580,,1,2,9,0800,0,1,2,,2,006,US-101,"NEWTON B. DRURY SCENIC PARKWAY",6864.00,N,N,B,C,Y,,,101,,,,,,,Y,4,0,1,1,A,-,08,22107,,N,B,I,A,B,H,-,B,D,0,,,,,Y,,A,01,0,0,1,0,0,0,0,0,0,"- ","- ",41.486518859863281,-124.0506591796875,"DEL NORTE",UNINCORPORATED,-124.05073547363281,41.486553192138672
91178686,2020,2020-02-03,9120,2020-01-26,1155,019072,,7,1,9,0800,0,1,2,,2,005,"UNITED STATES HIGHWAY 101","RUDISILL RD",11510.00,N,N,B,-,Y,,,101,,,,,,,Y,3,0,1,1,A,-,03,22350,,N,E,I,A,B,H,-,A,D,0,,,,,Y,,D,22,0,1,0,0,0,0,0,0,0,"- ","- ",41.648120880126953,-124.11316680908203,"DEL NORTE",UNINCORPORATED,-124.11311340332031,41.648189544677734
91181727,2020,2020-02-06,9120,2020-01-28,1812,021580,,2,2,9,0800,0,1,2,,2,002,US-101,"WONDERSTUMP ROAD",528.00,S,N,B,-,Y,,,101,,,,,,,Y,3,0,1,2,A,-,03,22350,,N,D,C,A,B,H,-,D,D,0,,,,,Y,,D,22,0,1,0,0,0,0,0,0,0,"- ","- ",41.839988708496094,-124.14363861083984,"DEL NORTE",UNINCORPORATED,-124.14366912841797,41.839992523193359
91181735,2020,2020-02-11,9120,2020-01-28,1811,021580,,2,2,9,0800,0,1,2,,2,002,US-101,"WONDERSTUMP ROAD",528.00,S,N,B,-,Y,,,101,,,,,,,Y,3,0,2,2,A,-,03,22350,,N,C,C,A,B,H,-,D,D,0,,,,,Y,,A,07,0,1,1,0,0,0,0,0,0,"- ","- ",41.839828491210938,-124.1436767578125,"DEL NORTE",UNINCORPORATED,-124.14368438720703,41.839832305908203
91181907,2020,2020-02-06,9120,2020-02-03,2225,021580,,1,3,9,0800,0,1,2,,2,004,US-199,"KNOPKI ROAD",14256.00,S,N,A,-,Y,,,199,,,,,,,Y,3,0,1,1,A,-,08,22107,,N,E,I,A,A,H,-,D,D,0,,,,,Y,,A,07,0,1,0,0,0,0,0,0,0,"- ","- ",41.894748687744141,-123.78221893310547,"DEL NORTE",UNINCORPORATED,-123.78213500976562,41.894687652587891
91184612,2020,2020-02-11,9120,2020-02-03,2030,017248,,1,2,9,0800,0,1,2,,2,004,US199,"SISKIYOU FORK ROAD",2640.00,N,N,A,-,Y,,,199,,,,,,,Y,2,0,3,2,A,-,05,21460,A,N,A,C,A,A,H,-,D,D,0,,,,,Y,,A,01,2,1,0,0,0,0,0,0,0,"- ","- ",41.88909912109375,-123.80307006835938,"DEL NORTE",UNINCORPORATED,-123.80307006835938,41.889095306396484
91184866,2020,2020-02-11,9120,2020-02-03,0740,021161,,1,1,9,0800,0,1,2,,2,003,US-199,"ELK VALLEY CROSS RD",1750.00,S,N,A,-,Y,,,199,,,,,,,N,4,0,1,1,A,-,03,22350,,N,E,I,A,C,H,-,A,D,0,,,,,Y,,A,07,0,0,1,0,0,0,0,0,0,"- ","- ",41.803009033203125,-124.14923095703125,"DEL NORTE",UNINCORPORATED,-124.14874267578125,41.803272247314453
91191649,2020,2020-03-06,9120,2020-02-20,1901,021863,,4,2,9,0800,0,1,2,,2,001,US-101,"TIMBERS BOULEVARD",102.00,S,N,A,-,Y,,,101,,,,,,,Y,2,0,3,3,A,-,01,23152,A,N,C,C,A,A,H,-,D,D,0,,,,,Y,Y,D,22,2,1,0,0,0,0,0,0,0,"- ","- ",41.925189971923828,-124.14048767089844,"DEL NORTE",UNINCORPORATED,-124.14046478271484,41.925212860107422
91191969,2020,2020-02-24,9120,2020-01-13,1017,019072,,1,1,9,0800,0,1,2,,2,005,"UNITED STATES HIGHWAY 101","RUDISILL RD",11510.00,N,N,C,-,Y,,,101,,,,,,,Y,1,1,0,1,A,-,03,22350,,N,F,A,A,B,H,-,A,D,0,,,,,Y,,A,07,0,0,0,0,0,0,0,0,0,"- ","- ",41.648059844970703,-124.11347961425781,"DEL NORTE",UNINCORPORATED,-124.11328125,41.6483154296875
91192175,2020,2020-02-24,9120,2020-02-19,1015,019072,,3,1,9,0800,0,1,2,,2,005,"UNITED STATES HIGHWAY 101","MILL CREEK",15840.00,S,N,A,-,Y,,,101,,,,,,,Y,4,0,2,2,A,-,03,22350,,N,C,C,A,A,D,-,A,A,0,,,,,Y,,A,07,0,0,2,0,0,0,0,0,0,"- ","- ",41.666061401367188,-124.11302185058594,"DEL NORTE",UNINCORPORATED,-124.11296844482422,41.666049957275391
91213915,2020,2020-03-23,9120,2020-03-19,0818,019072,,4,1,9,0800,0,1,2,,2,005,"UNITED STATES HIGHWAY 101","RUDISILL RD",11510.00,N,N,A,-,Y,,,101,,,,,,,Y,3,0,1,1,A,-,03,22350,,N,E,I,A,B,H,-,A,D,0,,,,,Y,,A,07,0,1,0,0,0,0,0,0,0,"- ","- ",41.647159576416016,-124.11255645751953,"DEL NORTE",UNINCORPORATED,-124.11236572265625,41.647205352783203
91217840,2020,2020-03-27,9120,2020-03-20,1140,019348,,5,1,9,0800,0,1,2,,2,003,"US-199 NORTHBOUND","WETHERELL LN",2.00,N,N,A,-,Y,,,199,,,,,,N,Y,3,0,2,2,A,-,08,22107,,N,D,C,A,A,H,-,A,D,0,,,,,Y,,A,01,0,1,1,0,0,0,0,0,0,"- ","- ",41.845230102539062,-123.97791290283203,"DEL NORTE",UNINCORPORATED,-123.97791290283203,41.84539794921875
91224136,2020,2020-04-10,9120,2020-04-04,1542,021597,,6,2,9,0800,0,1,2,,2,005,US-101,"WILSON CREEK ROAD",17424.00,N,N,C,-,Y,,,101,,,,,,,Y,2,0,1,1,A,-,03,22350,,N,E,I,A,B,H,-,A,D,0,,,,,Y,,A,07,1,0,0,0,0,0,0,0,0,"- ","- ",41.648899078369141,-124.11440277099609,"DEL NORTE",UNINCORPORATED,-124.11416625976562,41.649085998535156
91226530,2020,2020-04-16,9120,2020-04-11,0930,021161,,6,1,9,0800,0,1,2,,2,006,US-101,"LONESOME ROAD",1300.00,S,N,A,-,Y,,,101,,,,,,,Y,4,0,1,1,A,-,01,23152,A,N,E,I,A,A,H,-,A,D,0,,,,,Y,Y,A,01,0,0,1,0,0,0,0,0,0,"- ","- ",41.578018188476562,-124.07517242431641,"DEL NORTE",UNINCORPORATED,-124.07505798339844,41.578159332275391
91231473,2020,2020-04-30,9120,2020-04-27,1720,017248,,1,2,9,0800,0,1,2,,2,003,US199,"PARKWAY DRIVE",5280.00,N,N,B,-,Y,,,199,,,,,,,Y,2,0,1,1,A,-,08,22107,,N,F,I,A,B,H,-,A,D,0,,,,,Y,,D,22,1,0,0,0,0,0,0,0,0,"- ","- ",41.80780029296875,-124.12812805175781,"DEL NORTE",UNINCORPORATED,-124.1280517578125,41.807899475097656
91233954,2020,2020-05-05,9120,2020-05-01,1238,019915,,5,1,9,0800,0,1,2,,2,003,US-199,SR-197,1584.00,S,N,B,-,Y,,,199,,,,,,,Y,3,0,1,1,A,-,08,22107,,N,E,I,A,A,H,-,A,D,0,,,,,Y,,A,07,0,1,0,0,0,0,0,0,0,"- ","- ",41.811710357666016,-124.09593200683594,"DEL NORTE",UNINCORPORATED,-124.09593200683594,41.811679840087891
91234472,2020,2020-05-06,9120,2020-05-01,0035,021279,,5,3,9,0800,0,1,2,,2,003,"S/B US-199","HARDSCRABBLE CREEK",731.00,N,N,A,-,Y,,,199,,,,,,,Y,3,0,1,1,A,-,08,22107,,N,E,I,A,A,H,-,D,D,0,,,,,Y,,D,22,0,1,0,0,0,0,0,0,0,"- ","- ",41.839271545410156,-124.02883148193359,"DEL NORTE",UNINCORPORATED,-124.02883148193359,41.839275360107422
91234515,2020,2020-05-06,9120,2020-05-02,1158,021161,,6,1,9,0800,0,1,2,,2,001,US-101,"MILL CREEK ROAD",710.00,N,N,B,C,Y,,,101,,,,,,,Y,4,0,1,1,A,-,03,22350,,N,E,I,A,B,H,-,A,D,0,,,,,Y,,D,22,0,0,1,0,0,0,0,0,0,"- ","- ",41.701511383056641,-124.12210083007812,"DEL NORTE",UNINCORPORATED,-124.12207794189453,41.701526641845703
91241016,2020,2020-05-21,9120,2020-05-14,1530,021863,,4,2,9,0800,0,1,2,,2,005,US-101,"WILSON CREEK RD",16896.00,N,N,B,-,Y,,,101,,,,,,,N,3,0,1,2,A,-,08,22107,,N,A,C,A,B,D,-,A,A,0,,,,,Y,,A,01,0,1,0,0,0,0,0,0,0,"- ","- ",41.646259307861328,-124.11264801025391,"DEL NORTE",UNINCORPORATED,-124.11258697509766,41.646221160888672