CASE_ID,ACCIDENT_YEAR,PROC_DATE,JURIS,COLLISION_DATE,COLLISION_TIME,OFFICER_ID,REPORTING_DISTRICT,DAY_OF_WEEK,CHP_SHIFT,POPULATION,CNTY_CITY_LOC,SPECIAL_COND,BEAT_TYPE,CHP_BEAT_TYPE,CITY_DIVISION_LAPD,CHP_BEAT_CLASS,BEAT_NUMBER,PRIMARY_RD,SECONDARY_RD,DISTANCE,DIRECTION,INTERSECTION,WEATHER_1,WEATHER_2,STATE_HWY_IND,CALTRANS_COUNTY,CALTRANS_DISTRICT,STATE_ROUTE,ROUTE_SUFFIX,POSTMILE_PREFIX,POSTMILE,LOCATION_TYPE,RAMP_INTERSECTION,SIDE_OF_HWY,TOW_AWAY,COLLISION_SEVERITY,NUMBER_KILLED,NUMBER_INJURED,PARTY_COUNT,PRIMARY_COLL_FACTOR,PCF_CODE_OF_VIOL,PCF_VIOL_CATEGORY,PCF_VIOLATION,PCF_VIOL_SUBSECTION,HIT_AND_RUN,TYPE_OF_COLLISION,MVIW,PED_ACTION,ROAD_SURFACE,ROAD_COND_1,ROAD_COND_2,LIGHTING,CONTROL_DEVICE,CHP_ROAD_TYPE,PEDESTRIAN_ACCIDENT,BICYCLE_ACCIDENT,MOTORCYCLE_ACCIDENT,TRUCK_ACCIDENT,NOT_PRIVATE_PROPERTY,ALCOHOL_INVOLVED,STWD_VEHTYPE_AT_FAULT,CHP_VEHTYPE_AT_FAULT,COUNT_SEVERE_INJ,COUNT_VISIBLE_INJ,COUNT_COMPLAINT_PAIN,COUNT_PED_KILLED,COUNT_PED_INJURED,COUNT_BICYCLIST_KILLED,COUNT_BICYCLIST_INJURED,COUNT_MC_KILLED,COUNT_MC_INJURED,PRIMARY_RAMP,SECONDARY_RAMP,LATITUDE,LONGITUDE,COUNTY,CITY,POINT_X,POINT_Y
91581708,2021,2021-09-28,9120,2021-08-06,1347,021161,,5,1,9,0800,0,1,2,,2,006,"UNITED STATES HIGHWAY 101 (US-101)","LONESOME RD",2400.00,N,N,A,-,Y,,,101,,,,,,,Y,1,1,3,2,A,-,05,21460,A,N,A,C,A,A,H,-,A,D,0,,,,,Y,,A,07,1,2,0,0,0,0,0,0,0,"- ","- ",41.583858489990234,-124.085693359375,"DEL NORTE",UNINCORPORATED,-124.08568572998047,41.583885192871094
91586407,2021,2021-10-04,9120,2021-09-24,2250,017994,,5,3,9,0800,0,1,2,,2,003,"US-199 S/B","SOUTH FORK ROAD",1056.00,S,N,A,-,Y,,,199,,,,,,S,N,2,0,5,1,A,-,08,22107,,F,E,I,A,A,H,-,D,A,0,,,,,Y,,A,01,1,0,4,0,0,0,0,0,0,"- ","- ",41.797389984130859,-124.05841827392578,"DEL NORTE",UNINCORPORATED,-124.05845642089844,41.797401428222656
91590333,2021,2021-10-07,9120,2021-09-28,1550,021580,,2,2,9,0800,0,1,2,,2,003,"US-199 N/B","WALKER ROAD",4224.00,S,N,B,-,Y,,,199,,,,,,N,Y,2,0,4,1,A,-,01,23152,G,N,E,8,A,B,H,-,A,A,0,,,,,Y,Y,A,01,1,1,2,0,0,0,0,0,0,"- ","- ",41.81024169921875,-124.12175750732422,"DEL NORTE",UNINCORPORATED,-124.12178802490234,41.810367584228516
91591602,2021,2021-10-08,9120,2021-10-04,1727,017248,,1,2,9,0800,0,1,2,,2,004,US-199,"SISKIYOU FORK ROAD",10032.00,N,N,A,-,Y,,,199,,,,,,,Y,3,0,1,1,A,-,03,22350,,N,E,I,A,A,H,-,A,D,0,,,Y,,Y,Y,C,02,0,1,0,0,0,0,0,0,1,"- ","- ",41.894821166992188,-123.78204345703125,"DEL NORTE",UNINCORPORATED,-123.78202819824219,41.894790649414062
91600702,2021,2021-10-19,9120,2021-10-12,0335,021863,,2,3,9,0800,0,1,2,,2,006,US-101,"REQUA RD",1373.00,S,N,A,-,Y,,,101,,,,,,,Y,4,0,1,1,A,-,08,22107,,N,E,J,A,A,H,-,D,D,0,,,,,Y,,A,07,0,0,1,0,0,0,0,0,0,"- ","- ",41.550571441650391,-124.05339813232422,"DEL NORTE",UNINCORPORATED,-124.05344390869141,41.550540924072266
91607623,2021,2021-10-27,9120,2021-10-17,2105,021863,,7,2,9,0800,0,1,2,,2,001,US-101,"TIMBERS BLVD",16.00,S,N,B,-,Y,,,101,,,,,,,Y,4,0,1,2,A,-,03,22350,,N,C,C,A,B,H,-,C,D,0,,,,,Y,,A,07,0,0,1,0,0,0,0,0,0,"- ","- ",41.925418853759766,-124.14060211181641,"DEL NORTE",UNINCORPORATED,-124.140625,41.925395965576172
91609012,2021,2021-10-28,9120,2021-10-22,1555,021863,,5,2,9,0800,0,1,2,,2,005,US-101,"MILL CREEK",19483.00,S,N,B,-,Y,,,101,,,,,,,Y,2,0,1,1,A,-,03,22350,,N,F,0,A,B,H,-,A,D,0,,,,,Y,,D,22,1,0,0,0,0,0,0,0,0,"- ","- ",41.664051055908203,-124.11448669433594,"DEL NORTE",UNINCORPORATED,-124.11442565917969,41.663986206054688
91612540,2021,2021-11-01,9120,2021-10-22,1010,017994,,5,1,9,0800,0,1,2,,2,005,"RT 101","MILL CREEK RD",17952.00,S,N,C,-,Y,,,101,,,,,,,Y,3,0,2,1,A,-,08,22107,,N,E,I,A,B,H,-,A,D,0,,,,,Y,,A,01,0,2,0,0,0,0,0,0,0,"- ","- ",41.638618469238281,-124.11531829833984,"DEL NORTE",UNINCORPORATED,-124.11530303955078,41.638618469238281
91615135,2021,2021-11-03,9120,2021-10-28,1107,021161,,4,1,9,0800,0,1,2,,2,005,US-101,"RUDISILL RD",300.00,N,N,A,-,Y,,,101,,,,,,,Y,4,0,1,1,A,-,08,22107,,N,E,J,A,A,H,-,A,D,0,,,,,Y,,A,01,0,0,1,0,0,0,0,0,0,"- ","- ",41.620071411132812,-124.10936737060547,"DEL NORTE",UNINCORPORATED,-124.10942840576172,41.620059967041016
91621686,2021,2021-11-10,9120,2021-10-29,1140,017994,,5,1,9,0800,0,1,2,,2,003,US-199,"WALKER RD",5280.00,S,N,B,C,Y,,,199,,,,,,,Y,4,0,1,1,A,-,01,23152,F,N,E,I,A,B,H,-,A,A,0,,,,,Y,,A,01,0,0,1,0,0,0,0,0,0,"- ","- ",41.811008453369141,-124.12338256835938,"DEL NORTE",UNINCORPORATED,-124.12338256835938,41.811008453369141
91621786,2021,2021-11-10,9120,2021-11-04,0655,017994,,4,1,9,0800,0,1,2,,2,006,US-101,"NEWTON B DRURY SCENIC PARKWAY",6336.00,S,N,C,E,Y,,,101,,,,,,,Y,4,0,1,1,A,-,03,22350,,N,E,J,A,B,C,-,D,D,0,,,,,Y,,D,22,0,0,1,0,0,0,0,0,0,"- ","- ",41.472640991210938,-124.04325103759766,"DEL NORTE",UNINCORPORATED,-124.04319763183594,41.472671508789062
91624240,2021,2021-11-15,9120,2021-11-04,1338,021161,,4,1,9,0800,0,1,2,,2,003,US-199,"WALKER ROAD",2700.00,S,N,B,C,Y,,,199,,,,,,,Y,3,0,2,1,A,-,03,22350,,N,E,I,A,B,H,-,A,D,0,,,,,Y,,D,22,0,1,1,0,0,0,0,0,0,"- ","- ",41.810909271240234,-124.11894989013672,"DEL NORTE",UNINCORPORATED,-124.11892700195312,41.810863494873047
91624508,2021,2021-11-15,9120,2021-11-05,0745,021161,,5,1,9,0800,0,1,2,,2,003,US-199,"HARDSCRABBLE CREEK",2670.00,S,N,B,C,Y,,,199,,,,,,,Y,4,0,1,2,A,-,08,22107,,N,E,I,A,B,H,-,D,D,0,,,,Y,Y,,A,01,0,0,1,0,0,0,0,0,0,"- ","- ",41.838848114013672,-124.03578186035156,"DEL NORTE",UNINCORPORATED,-124.03580474853516,41.838871002197266
91626135,2021,2021-11-16,9120,2021-11-06,1509,021329,,6,2,9,0800,0,1,2,,2,001,US-101,"BOROUGH LN",25.00,N,N,C,-,Y,,,101,,,,,,,Y,4,0,2,3,A,-,03,22350,,N,C,C,A,B,H,-,A,D,0,,,,,Y,,A,01,0,0,2,0,0,0,0,0,0,"- ","- ",41.917270660400391,-124.13657379150391,"DEL NORTE",UNINCORPORATED,-124.13656616210938,41.917270660400391
91626388,2021,2021-11-16,9120,2021-11-09,1140,019915,,2,1,9,0800,0,1,2,,2,005,US-101,"HUMBOLDT RD",1751.00,S,N,B,-,Y,,,101,,,,,,,Y,3,0,1,1,A,-,08,22107,,N,E,J,A,A,H,-,A,D,0,,,,Y,Y,,F,55,0,1,0,0,0,0,0,0,0,"- ","- ",41.733558654785156,-124.14865112304688,"DEL NORTE",UNINCORPORATED,-124.14864349365234,41.733566284179688
91628216,2021,2021-11-18,9120,2021-11-14,1026,019915,,7,1,9,0800,0,1,2,,2,003,US-199,"FRENCH HILL ROAD",0.00,,Y,A,-,Y,,,199,,,,,,,Y,4,0,1,2,A,-,03,22350,,N,C,C,A,B,H,-,A,D,0,,,,,Y,,A,01,0,0,1,0,0,0,0,0,0,"- ","- ",41.843048095703125,-124.00760650634766,"DEL NORTE",UNINCORPORATED,-124.00761413574219,41.843059539794922
91628342,2021,2021-11-18,9120,2021-11-10,1720,021085,,3,2,9,0800,0,1,2,,2,002,US-101,"PARKWAY DRIVE",875.00,S,N,C,-,Y,,,101,,,,,,,N,3,0,1,2,A,-,05,21650,,N,D,G,A,B,H,-,D,D,0,,Y,,,Y,,L,04,0,1,0,0,0,0,1,0,0,"- ","- ",41.767280578613281,-124.19287872314453,"DEL NORTE",UNINCORPORATED,-124.19284057617188,41.767223358154297
91628617,2021,2021-11-18,9120,2021-11-11,1111,021161,,4,1,9,0800,0,1,2,,2,003,US-199,"ELK VALLEY CROSS RD",0.00,,Y,A,-,Y,,,199,,,,,,,Y,4,0,2,3,A,-,09,21800,A,N,D,C,A,A,H,-,A,A,0,,,,,Y,Y,A,07,0,0,2,0,0,0,0,0,0,"- ","- ",41.804351806640625,-124.14325714111328,"DEL NORTE",UNINCORPORATED,-124.14325714111328,41.804302215576172
91632003,2021,2021-11-22,9120,2021-11-15,1410,017248,,1,2,9,0800,0,1,2,,2,002,US-199,"WALKER ROAD",2640.00,S,N,B,C,Y,,,199,,,,,,,Y,3,0,2,2,A,-,03,22350,,N,A,C,A,B,H,-,A,D,0,,,,,Y,,D,22,0,1,1,0,0,0,0,0,0,"- ","- ",41.811550140380859,-124.11547088623047,"DEL NORTE",UNINCORPORATED,-124.11546325683594,41.811599731445312
91634780,2021,2021-11-24,9120,2021-11-19,1048,021161,,5,1,9,0800,0,1,2,,2,003,US-199,"MADRONE RIVER ACCESS",19500.00,N,N,A,-,Y,,,199,,,,,,,Y,4,0,1,1,A,-,08,22107,,N,E,I,A,B,H,-,A,D,0,,,,,Y,,D,22,0,0,1,0,0,0,0,0,0,"- ","- ",41.858760833740234,-123.87722778320312,"DEL NORTE",UNINCORPORATED,-123.87722778320312,41.858795166015625
91648141,2021,2021-12-09,9120,2021-12-02,0514,019915,,4,3,9,0800,0,1,2,,2,001,US-101,"PELICAN BEACH VISTA",25.00,S,N,B,E,Y,,,101,,,,,,,Y,3,0,1,2,A,-,09,21801,A,N,D,C,A,B,H,-,C,D,0,,,,,Y,Y,A,07,0,1,0,0,0,0,0,0,0,"- ","- ",41.994651794433594,-124.20796966552734,"DEL NORTE",UNINCORPORATED,-124.20800018310547,41.994647979736328
91649203,2021,2021-12-10,9120,2021-12-02,0517,021161,,4,3,9,0800,0,1,2,,2,001,US-101,"PELICAN BEACH VISTA",206.00,S,N,B,E,Y,,,101,,,,,,,Y,2,0,1,2,A,-,11,21954,A,N,G,B,E,B,H,-,C,D,0,Y,,,,Y,Y,N,60,1,0,0,0,1,0,0,0,0,"- ","- ",41.994419097900391,-124.20799255371094,"DEL NORTE",UNINCORPORATED,-124.20798492431641,41.994419097900391
91651964,2021,2021-12-14,9120,2021-12-08,0350,021597,,3,3,9,0800,0,1,2,,2,006,US-101,"KLAMATH BEACH RD",3800.00,S,N,C,-,Y,,,101,,,,,,,Y,3,0,1,1,A,-,08,22107,,N,B,8,A,B,H,-,D,D,0,,,,,Y,,D,22,0,1,0,0,0,0,0,0,0,"- ","- ",41.5018310546875,-124.03369903564453,"DEL NORTE",UNINCORPORATED,-124.03374481201172,41.501876831054688
91667486,2021,2021-12-31,9120,2021-12-23,1216,019915,,4,1,9,0800,0,1,2,,2,004,US-199,"PATRICK CREEK ROAD",5280.00,S,N,B,C,Y,,,199,,,,,,,Y,3,0,1,1,A,-,03,22350,,N,E,I,A,B,H,-,A,D,0,,,,,Y,,D,22,0,1,0,0,0,0,0,0,0,"- ","- ",41.870769500732422,-123.85375213623047,"DEL NORTE",UNINCORPORATED,-123.85372161865234,41.870758056640625
91667578,2021,2021-12-31,9120,2021-12-23,1515,021329,,4,2,9,0800,0,1,2,,2,002,US-101,"WILSON LN",0.00,,Y,B,-,Y,,,101,,,,,,,Y,4,0,1,2,A,-,09,21802,A,N,D,C,A,A,H,-,A,A,0,,,,,Y,,D,22,0,0,1,0,0,0,0,0,0,"- ","- ",41.919120788574219,-124.13646697998047,"DEL NORTE",UNINCORPORATED,-124.13655853271484,41.919120788574219
91674649,2022,2022-01-10,9120,2022-01-05,1023,019915,,3,1,9,0800,0,1,2,,2,003,US-199,"ELK VALLEY ROAD",3231.00,N,N,B,C,Y,DN,,199,,,1.318,H,,R,Y,4,0,1,1,A,-,08,22107,,M,E,I,A,B,H,-,A,D,0,,,,,Y,,A,01,0,0,1,0,0,0,0,0,0,"- ","- ",41.808521270751953,-124.12937164306641,"DEL NORTE",UNINCORPORATED,-124.12937164306641,41.808513641357422
91680098,2022,2022-01-18,9120,2022-01-07,1800,021279,,5,2,9,0800,0,1,2,,2,001,US-101,"NORTH INDIAN ROAD",1513.00,N,N,B,C,Y,DN,,101,,,43.852,H,,R,Y,3,0,1,2,A,-,09,21801,A,F,D,C,A,B,H,-,D,D,0,,,,,Y,,A,01,0,1,0,0,0,0,0,0,0,"- ","- ",41.961151123046875,-124.20310211181641,"DEL NORTE",UNINCORPORATED,-124.20301055908203,41.961135864257812
91681775,2022,2022-01-20,9120,2022-01-13,1317,021161,,4,1,9,0800,0,1,2,,2,005,US-101,"HAMILTON ROAD",6336.00,S,N,B,-,Y,DN,,101,,,21.393,H,,R,Y,4,0,1,2,A,-,03,22350,,N,C,C,A,B,D,-,A,A,0,,,,,Y,,D,22,0,0,1,0,0,0,0,0,0,"- ","- ",41.709808349609375,-124.12753295898438,"DEL NORTE",UNINCORPORATED,-124.12750244140625,41.709766387939453
91691992,2022,2022-02-02,9120,2022-01-31,0210,021580,,1,3,9,0800,0,1,2,,2,001,US-101,"FRED HAIGHT DRIVE",50.00,N,N,A,-,Y,DN,,101,,,36.484,H,,R,Y,3,0,2,1,A,-,08,22107,,N,E,I,A,B,H,-,D,D,0,,,,,Y,,A,07,0,2,0,0,0,0,0,0,0,"- ","- ",41.883918762207031,-124.13694000244141,"DEL NORTE",UNINCORPORATED,-124.13672637939453,41.883918762207031
91695005,2021,2022-02-07,9120,2021-10-26,2500,021221,,2,4,9,0800,0,1,2,,2,006,"UNITED STATES HIGHWAY 101","LONESOME ROAD",4185.00,N,N,F,-,Y,,,101,,,,,,,Y,1,1,0,1,A,-,03,22350,,N,E,I,A,A,H,-,A,D,0,,,,,Y,,A,01,0,0,0,0,0,0,0,0,0,"- ","- ",41.585899353027344,-124.09221649169922,"DEL NORTE",UNINCORPORATED,-124.09203338623047,41.586082458496094
91708023,2022,2022-02-24,9120,2022-02-15,1645,021329,,2,2,9,0800,0,1,2,,2,001,US-101,"MORRISON CREEK RD",1170.00,S,N,A,-,Y,DN,,101,,,38.285,H,,R,N,3,0,1,1,A,-,08,22107,,N,E,J,A,A,H,-,A,D,0,,,,Y,Y,,F,25,0,1,0,0,0,0,0,0,0,"- ","- ",41.910148620605469,-124.13665771484375,"DEL NORTE",UNINCORPORATED,-124.13661193847656,41.910148620605469
91712390,2022,2022-03-01,9120,2022-02-21,1141,015954,,1,1,9,0800,0,1,2,,2,002,US-101,"KINGS VALLEY RD",2112.00,N,N,C,-,Y,DN,,101,,,35.575,H,,R,Y,3,0,1,1,A,-,08,22107,,N,E,I,A,B,H,-,A,D,0,,,,,Y,,D,22,0,1,0,0,0,0,0,0,0,"- ","- ",41.871009826660156,-124.13919067382812,"DEL NORTE",UNINCORPORATED,-124.13909912109375,41.870998382568359
91729089,2022,2022-03-22,9120,2022-03-11,1310,021161,,5,1,9,0800,0,1,2,,2,005,US-101,"MILL CREEK ROAD",4438.00,N,N,A,-,Y,DN,,101,,,21.109,H,,R,Y,4,0,1,2,A,-,03,22350,,N,C,C,A,A,D,-,A,A,0,,,,,Y,,D,22,0,0,1,0,0,0,0,0,0,"- ","- ",41.707729339599609,-124.13126373291016,"DEL NORTE",UNINCORPORATED,-124.13129425048828,41.707717895507812
91756657,2022,2022-04-26,9120,2022-04-16,1815,021446,,6,2,9,0800,0,1,2,,2,003,US-199,"WALKER RD",4224.00,S,N,A,-,Y,DN,,199,,,2.010,H,,R,Y,3,0,1,1,A,-,03,22350,,N,E,I,A,B,H,-,A,D,0,,,,,Y,,A,01,0,1,0,0,0,0,0,0,0,"- ","- ",41.810298919677734,-124.12198638916016,"DEL NORTE",UNINCORPORATED,-124.12198638916016,41.810321807861328
91761161,2022,2022-04-29,9120,2022-04-21,1419,017248,,4,2,9,0800,0,1,2,,2,003,US199,"FOREST RTE 17N49",587.00,S,N,B,-,Y,DN,,199,,,11.649,H,,R,Y,3,0,1,1,A,-,01,23152,A,N,F,I,A,B,H,-,A,D,0,,,,,Y,Y,A,01,0,1,0,0,0,0,0,0,0,"- ","- ",41.843971252441406,-124.01799011230469,"DEL NORTE",UNINCORPORATED,-124.01799774169922,41.843940734863281
91764616,2022,2022-05-04,9120,2022-04-28,1243,016629,,4,1,9,0800,0,1,2,,2,003,"RT 199","WALKER ROAD",1584.00,S,N,A,-,Y,DN,,199,,,2.444,H,,R,Y,3,0,1,1,A,-,08,22107,,N,E,I,A,A,H,-,A,D,0,,,,,Y,Y,D,22,0,1,0,0,0,0,0,0,0,"- ","- ",41.811069488525391,-124.11443328857422,"DEL NORTE",UNINCORPORATED,-124.11444854736328,41.811054229736328
91765608,2022,2022-05-05,9120,2022-04-30,1950,021446,,6,2,9,0800,0,1,2,,2,006,US-101,"NEWTON B DRURY",5280.00,N,N,A,-,Y,DN,,101,,R,0.981,H,,R,Y,4,0,1,1,A,-,08,22107,,N,E,I,A,A,H,-,D,D,0,,,,,Y,,A,01,0,0,1,0,0,0,0,0,0,"- ","- ",41.477569580078125,-124.04701232910156,"DEL NORTE",UNINCORPORATED,-124.04703521728516,41.477561950683594
91768525,2022,2022-05-10,9120,2022-05-01,1800,021085,,7,2,9,0800,0,1,2,,2,004,US-199,"SISKIYOU FORK ROAD",1910.00,N,N,A,-,Y,DN,,199,,R,25.740,H,,R,Y,4,0,2,3,C,-,18,,,N,A,2,A,A,H,-,B,D,0,,,,,Y,,-,"- ",0,0,2,0,0,0,0,0,0,"- ","- ",41.888111114501953,-123.80461883544922,"DEL NORTE",UNINCORPORATED,-123.80463409423828,41.888118743896484
91779013,2022,2022-05-24,9120,2022-05-17,1725,021085,,2,2,9,0800,0,1,2,,2,006,US-101,"REDWOOD DR",227.00,S,N,A,-,Y,DN,,101,,,9.624,H,,R,N,4,0,1,1,C,-,18,,,N,E,H,A,A,H,-,A,D,0,,,,,Y,,-,"- ",0,0,1,0,0,0,0,0,0,"- ","- ",41.571361541748047,-124.07071685791016,"DEL NORTE",UNINCORPORATED,-124.07073211669922,41.571357727050781
91781625,2022,2022-05-26,9120,2022-05-19,1108,015954,,4,1,9,0800,0,2,4,,2,029,US-101,"ELK VALLEY CROSS RD",0.00,,Y,A,-,Y,DN,,101,,,31.184,H,,R,Y,4,0,3,2,A,-,09,21800,A,N,D,C,A,A,H,-,A,A,0,,,,,Y,,A,01,0,0,3,0,0,0,0,0,0,"- ","- ",41.807838439941406,-124.14766693115234,"DEL NORTE",UNINCORPORATED,-124.14737701416016,41.807811737060547
91785059,2022,2022-05-31,9120,2022-05-25,2117,021279,,3,2,9,0800,0,1,2,,2,001,US-101,"OCEAN VIEW DR",633.00,N,N,A,-,Y,DN,,101,,,40.993,H,,R,Y,3,0,3,2,A,-,03,22350,,N,C,C,A,A,H,-,D,D,0,,,,,Y,,D,22,0,3,0,0,0,0,0,0,0,"- ","- ",41.934440612792969,-124.16780090332031,"DEL NORTE",UNINCORPORATED,-124.16780853271484,41.934425354003906
91786086,2022,2022-06-01,9120,2022-05-30,1818,017248,,1,2,9,0800,0,1,2,,2,004,US-199,"LITTLE JONES CREEK",2640.00,S,N,A,-,Y,DN,,199,,,24.410,H,,R,N,4,0,1,1,A,-,03,22350,,N,F,0,A,A,H,-,A,D,0,,,Y,,Y,,C,02,0,0,1,0,0,0,0,0,1,"- ","- ",41.8839111328125,-123.82586669921875,"DEL NORTE",UNINCORPORATED,-123.82586669921875,41.883865356445312
91791802,2022,2022-06-09,9120,2022-06-04,1550,021329,,6,2,9,0800,0,1,2,,2,001,US-101,SR-197,430.00,S,N,C,-,Y,DN,,101,,,36.251,H,,R,N,4,0,1,2,A,-,08,22107,,N,B,C,A,B,H,-,A,D,0,,,,,Y,,-,"- ",0,0,1,0,0,0,0,0,0,"- ","- ",41.880699157714844,-124.13693237304688,"DEL NORTE",UNINCORPORATED,-124.13686370849609,41.880695343017578
91796732,2022,2022-06-16,9120,2022-06-13,2140,021221,,1,2,9,0800,0,1,2,,2,001,"UNITED STATES HIGHWAY 101","LOPEZ ROAD",686.00,S,N,A,-,Y,DN,,101,,,41.983,H,,R,Y,4,0,1,2,A,-,08,22107,,N,B,C,A,A,H,-,D,D,0,,,,,Y,,A,01,0,0,1,0,0,0,0,0,0,"- ","- ",41.941089630126953,-124.18492126464844,"DEL NORTE",UNINCORPORATED,-124.18492126464844,41.941089630126953
91809186,2022,2022-07-01,9120,2022-06-22,1050,015954,,3,1,9,0800,0,1,2,,2,003,US-199,"WALKER RD",0.00,,Y,A,-,Y,DN,,199,,,2.825,H,,R,Y,2,0,3,2,A,-,09,21801,A,N,D,C,A,A,H,-,A,D,0,,,,,Y,,A,01,2,1,0,0,0,0,0,0,0,"- ","- ",41.811531066894531,-124.10861968994141,"DEL NORTE",UNINCORPORATED,-124.10861968994141,41.811450958251953
91816500,2022,2022-07-13,9120,2022-07-05,1050,016629,,2,1,9,0800,0,1,2,,2,005,"RT 101","SANDMINE RD",2640.00,N,N,B,C,Y,DN,,101,,,24.960,H,,R,Y,3,0,4,2,A,-,09,21804,A,N,D,C,A,B,H,-,A,D,0,,,,,Y,,A,07,0,1,3,0,0,0,0,0,0,"- ","- ",41.744430541992188,-124.17201232910156,"DEL NORTE",UNINCORPORATED,-124.17205047607422,41.744361877441406
91817966,2022,2022-07-15,9120,2022-07-06,1626,021279,,3,2,9,0800,0,1,2,,2,005,"US-101 S/B","RUDISILL RD",3684.00,N,N,B,-,Y,DN,,101,,,14.622,H,,L,Y,3,0,4,2,A,-,03,22350,,N,A,C,A,B,H,-,A,D,0,,,,,Y,,E,22,0,4,0,0,0,0,0,0,0,"- ","- ",41.628948211669922,-124.1124267578125,"DEL NORTE",UNINCORPORATED,-124.11235046386719,41.628971099853516
91819344,2022,2022-07-18,9120,2022-07-13,1154,021161,,3,1,9,0800,0,1,2,,2,002,US-101,"A DRIVE",342.00,S,N,B,-,Y,DN,,101,,,27.358,H,,R,N,4,0,2,2,A,-,08,22107,,N,C,C,A,A,H,-,A,D,0,,,,,Y,,A,08,0,0,2,0,0,0,0,0,0,"- ","- ",41.766929626464844,-124.19322204589844,"DEL NORTE",UNINCORPORATED,-124.19315338134766,41.766872406005859
91821137,2022,2022-07-20,9120,2022-07-13,1500,017248,,3,2,9,0800,0,1,2,,2,003,US-199,"HARDSCRABBLE CREEK BRIDGE",600.00,S,N,A,-,Y,DN,,199,,,10.895,H,,R,Y,4,0,2,1,A,-,08,22107,,N,E,I,A,A,H,-,A,D,0,,,,,Y,,A,07,0,0,2,0,0,0,0,0,0,"- ","- ",41.839351654052734,-124.02864837646484,"DEL NORTE",UNINCORPORATED,-124.02864074707031,41.839302062988281
91821211,2022,2022-07-20,9120,2022-07-19,0248,021161,,2,3,9,0800,0,1,2,,2,003,US-199,"FOREST ROUTE 17N49",2100.00,S,N,A,-,Y,DN,,199,,,11.360,H,,R,N,4,0,1,1,A,-,03,22350,,N,E,I,A,A,H,-,D,D,0,,,,,Y,Y,A,01,0,0,1,0,0,0,0,0,0,"- ","- ",41.842369079589844,-124.02247619628906,"DEL NORTE",UNINCORPORATED,-124.02248382568359,41.842369079589844
91823168,2022,2022-07-22,9120,2022-07-19,1535,017248,,2,2,9,0800,0,1,2,,2,006,US-199,"PATRICK CREEK BRIDGE",750.00,S,N,A,-,Y,DN,,199,,R,21.901,H,,R,Y,4,0,1,1,A,-,08,22107,,N,E,I,A,A,H,-,A,D,0,,,,,Y,,A,07,0,0,1,0,0,0,0,0,0,"- ","- ",41.872661590576172,-123.84538269042969,"DEL NORTE",UNINCORPORATED,-123.84550476074219,41.872772216796875
91833888,2022,2022-08-05,9120,2022-07-28,1732,017248,,4,2,9,0800,0,1,2,,2,004,US-199,"OREGON MOUNTAIN ROAD (NORTH)",528.00,N,N,A,-,Y,DN,,199,,,35.127,H,,R,Y,2,0,1,1,A,-,08,22107,,N,E,I,A,A,H,-,A,D,0,,,,,Y,,A,01,1,0,0,0,0,0,0,0,0,"- ","- ",41.979568481445312,-123.72071075439453,"DEL NORTE",UNINCORPORATED,-123.72074890136719,41.979595184326172