CASE_ID,ACCIDENT_YEAR,PROC_DATE,JURIS,COLLISION_DATE,COLLISION_TIME,OFFICER_ID,REPORTING_DISTRICT,DAY_OF_WEEK,CHP_SHIFT,POPULATION,CNTY_CITY_LOC,SPECIAL_COND,BEAT_TYPE,CHP_BEAT_TYPE,CITY_DIVISION_LAPD,CHP_BEAT_CLASS,BEAT_NUMBER,PRIMARY_RD,SECONDARY_RD,DISTANCE,DIRECTION,INTERSECTION,WEATHER_1,WEATHER_2,STATE_HWY_IND,CALTRANS_COUNTY,CALTRANS_DISTRICT,STATE_ROUTE,ROUTE_SUFFIX,POSTMILE_PREFIX,POSTMILE,LOCATION_TYPE,RAMP_INTERSECTION,SIDE_OF_HWY,TOW_AWAY,COLLISION_SEVERITY,NUMBER_KILLED,NUMBER_INJURED,PARTY_COUNT,PRIMARY_COLL_FACTOR,PCF_CODE_OF_VIOL,PCF_VIOL_CATEGORY,PCF_VIOLATION,PCF_VIOL_SUBSECTION,HIT_AND_RUN,TYPE_OF_COLLISION,MVIW,PED_ACTION,ROAD_SURFACE,ROAD_COND_1,ROAD_COND_2,LIGHTING,CONTROL_DEVICE,CHP_ROAD_TYPE,PEDESTRIAN_ACCIDENT,BICYCLE_ACCIDENT,MOTORCYCLE_ACCIDENT,TRUCK_ACCIDENT,NOT_PRIVATE_PROPERTY,ALCOHOL_INVOLVED,STWD_VEHTYPE_AT_FAULT,CHP_VEHTYPE_AT_FAULT,COUNT_SEVERE_INJ,COUNT_VISIBLE_INJ,COUNT_COMPLAINT_PAIN,COUNT_PED_KILLED,COUNT_PED_INJURED,COUNT_BICYCLIST_KILLED,COUNT_BICYCLIST_INJURED,COUNT_MC_KILLED,COUNT_MC_INJURED,PRIMARY_RAMP,SECONDARY_RAMP,LATITUDE,LONGITUDE,COUNTY,CITY,POINT_X,POINT_Y
92406850,2024,2024-06-05,9120,2024-06-03,"840 ",023196,,1,1,9,0800,0,1,2,,2,005,"US-101 N/B","RUDISILL ROAD",7603.00,N,N,C,-,Y,DN,,101," "," ",15.411,H,,R,Y,4,0,1,1,A,-,03,22350,,N,E,I,A,B,H,-,A,D,0,,,,,Y,,-,"- ",0,0,1,0,0,0,0,0,0,"- ","- ",41.639820098876953,-124.11505126953125,"DEL NORTE",UNINCORPORATED,-124.11507415771484,41.639820098876953
92415951,2024,2024-06-17,9120,2024-06-08,1613,018632,,6,2,9,0800,0,1,2,,2,001,US-101,"WHITE ROCK LOOP",51.00,N,N,A,-,Y,DN,,101," "," ",46.078,H,,R,Y,4,0,1,1,A,-,08,22107,,N,E,I,A,A,H,-,A,D,0,,,,,Y,,E,22,0,0,1,0,0,0,0,0,0,"- ","- ",41.992431640625,-124.20777893066406,"DEL NORTE",UNINCORPORATED,-124.20784759521484,41.992427825927734
92416068,2024,2024-06-17,9120,2024-06-12,1420,021221,,3,2,9,0800,0,1,2,,2,004,"UNITED STATES HIGHWAY 199","GREEN GATE ROAD",540.00,S,N,A,-,Y,DN,,199," "," ",35.952,H,,R,Y,3,0,2,1,A,-,08,22107,,N,E,I,A,A,H,-,A,D,0,,,,,Y,,A,01,0,2,0,0,0,0,0,0,0,"- ","- ",41.990989685058594,-123.71784210205078,"DEL NORTE",UNINCORPORATED,-123.71793365478516,41.990966796875
92416138,2024,2024-06-17,9120,2024-06-12,"735 ",023196,,3,1,9,0800,0,1,2,,2,005,"US-101 N/B","MILL CREEK CAMPGROUND ROAD",3730.00,S,N,A,-,Y,DN,,101," "," ",19.536,H,,R,Y,4,0,2,1,A,-,08,22107,,N,E,I,A,A,H,-,A,D,0,,,,,Y,,A,01,0,0,2,0,0,0,0,0,0,"- ","- ",41.693080902099609,-124.11016082763672,"DEL NORTE",UNINCORPORATED,-124.11016845703125,41.693069458007812
92423365,2024,2024-06-25,9120,2024-06-24,1606,019348,,1,2,9,0800,0,1,2,,2,005,US-101,"101 DN 15.15",6.00,N,N,B,-,Y,DN,,101," "," ",15.245,H,,R,Y,3,0,1,2,A,-,01,23152,A,N,B,C,A,A,H,-,A,D,0,,,,,Y,Y,A,07,0,1,0,0,0,0,0,0,0,"- ","- ",41.637420654296875,-124.11495208740234,"DEL NORTE",UNINCORPORATED,-124.11495971679688,41.637420654296875
92434482,2024,2024-07-09,9120,2024-07-03,1340,023385,,3,1,9,0800,0,1,2,,2,005,US-101,"MPM 18.00 DN",0.00,,Y,A,-,Y,DN,,101," "," ",18.214,H,,R,N,4,0,1,2,A,-,07,21658,A,N,B,C,A,A,H,-,A,D,0,,,,,Y,,I,19,0,0,1,0,0,0,0,0,0,"- ","- ",41.678241729736328,-124.11313629150391,"DEL NORTE",UNINCORPORATED,-124.11299896240234,41.678264617919922
92438717,2024,2024-07-15,9120,2024-07-03,1500,021085,,3,2,9,0800,0,1,2,,2,003,US-199,"RT 197",1610.00,S,N,A,-,Y,DN,,199," "," ",4.048,H,,R,N,3,0,1,2,A,-,03,22350,,N,C,C,A,A,H,-,A,D,0,,,,,Y,,A,07,0,1,0,0,0,0,0,0,0,"- ","- ",41.808650970458984,-124.08570861816406,"DEL NORTE",UNINCORPORATED,-124.08570861816406,41.808647155761719
92441496,2024,2024-07-17,9120,2024-07-13,1425,021085,,6,2,9,0800,0,1,2,,2,003,US=199,"GRASSY FLAT ENTRANCE",1670.00,S,N,A,-,Y,DN,,199," ",R,18.522,H,,L,Y,3,0,1,1,A,-,08,22107,,N,E,I,A,A,H,-,A,D,0,,,,,Y,,A,01,0,1,0,0,0,0,0,0,0,"- ","- ",41.852989196777344,-123.896240234375,"DEL NORTE",UNINCORPORATED,-123.89623260498047,41.852935791015625
93418423,2024,2024-08-02,9120,2024-07-01,1713,021085,,1,2,9,0800,0,1,2,,2,003,US-199,"MPM 199 DN 4.00",75.00,N,N,A,-,Y,DN,,199," "," ",3.942,H,,R,Y,1,1,0,1,A,-,08,22107,,N,E,I,A,A,H,-,A,D,0,,,,,Y,,D,22,0,0,0,0,0,0,0,0,0,"- ","- ",41.809501647949219,-124.08744049072266,"DEL NORTE",UNINCORPORATED,-124.08747100830078,41.809452056884766
93491179,2024,2024-08-05,9120,2024-08-03,1315,021446,,6,1,9,0800,0,1,2,,2,003,US-199,US-101,6494.00,N,N,B,-,Y,DN,,199," "," ",1.289,H,,R,N,3,0,1,1,A,-,03,22350,,N,F,A,A,A,H,-,A,D,0,,,Y,,Y,,C,02,0,1,0,0,0,0,0,0,1,"- ","- ",41.808399200439453,-124.12995910644531,"DEL NORTE",UNINCORPORATED,-124.12993621826172,41.8084716796875
94019437,2024,2024-08-09,9120,2024-08-02,"557 ",021279,,5,3,9,0800,0,1,2,,2,006,"S/B US-101 @ MPM 9.12","101 DN 9.12",5.00,N,N,A,-,Y,DN,,101," "," ",9.092,H,,R,Y,4,0,1,1,A,-,01,23152,A,N,E,I,A,A,H,-,B,D,0,,,,,Y,Y,A,01,0,0,1,0,0,0,0,0,0,"- ","- ",41.564430236816406,-124.06680297851562,"DEL NORTE",UNINCORPORATED,-124.06671905517578,41.564476013183594
94020030,2024,2024-08-12,9120,2024-08-03,1744,021446,,6,2,9,0800,0,1,2,,2,002,US-101,"ELK VALLEY CROSS RD",0.00,,Y,B,-,Y,DN,,101," "," ",31.180,H,,R,Y,2,0,4,2,A,-,08,22107,,N,D,C,A,A,H,-,A,D,0,,,,,Y,,A,01,1,0,3,0,0,0,0,0,0,"- ","- ",41.807731628417969,-124.14717864990234,"DEL NORTE",UNINCORPORATED,-124.14738464355469,41.807750701904297
94358950,2024,2024-08-19,9120,2024-08-10,1250,021446,,6,1,9,0800,0,1,2,,2,006,US-101,"WILSON CREEK",2315.00,S,N,B,-,Y,DN,,101," "," ",12.092,H,,R,Y,4,0,1,2,A,-,03,22350,,N,B,C,A,A,H,-,A,D,0,,,,,Y,,A,07,0,0,1,0,0,0,0,0,0,"- ","- ",41.596820831298828,-124.10099792480469,"DEL NORTE",UNINCORPORATED,-124.10104370117188,41.596820831298828
94362736,2024,2024-08-20,9120,2024-08-14,1325,017950,,3,1,9,0800,0,1,2,,2,005,"HWY 101","101 DN MM 24.5",891.00,N,N,A,-,Y,DN,,101," "," ",24.669,H,,R,N,3,0,1,2,A,-,01,23153,A,F,G,B,E,A,H,-,A,D,0,Y,,,,Y,Y,A,07,0,1,0,0,1,0,0,0,0,"- ","- ",41.742191314697266,-124.1669921875,"DEL NORTE",UNINCORPORATED,-124.16693878173828,41.742256164550781
94376919,2024,2024-08-30,9120,2024-08-23,1452,021279,,5,2,9,0800,0,1,2,,2,005,US-101,"101 DN 15.97",110.00,S,N,B,C,Y,DN,,101," "," ",15.995,H,,R,Y,2,0,3,3,A,-,03,22350,,N,D,C,A,B,H,-,A,D,0,,,,,Y,,-,"- ",3,0,0,0,0,0,0,0,0,"- ","- ",41.647090911865234,-124.11231231689453,"DEL NORTE",UNINCORPORATED,-124.11231231689453,41.647090911865234
94382980,2024,2024-09-05,9120,2024-09-04,1231,018632,,3,1,9,0800,0,1,2,,2,002,US-101,"KINGS VALLEY X",0.00,,Y,A,-,Y,DN,,101," "," ",34.946,H,,R,Y,4,0,1,2,A,-,12,22450,A,N,D,D,A,A,H,-,A,D,0,,,,,Y,,A,01,0,0,1,0,0,0,0,0,0,"- ","- ",41.861949920654297,-124.14109802246094,"DEL NORTE",UNINCORPORATED,-124.14111328125,41.861949920654297
94404000,2024,2024-09-23,9120,2024-09-17,"110 ",021597,,2,3,9,0800,0,1,2,,2,005,US-101,"HAMILTON RD",770.00,S,N,A,-,Y,DN,,101," "," ",22.550,H,,R,Y,3,0,1,1,A,-,08,22107,,N,E,I,A,A,H,-,D,D,0,,,,,Y,,-,"- ",0,1,0,0,0,0,0,0,0,"- ","- ",41.721870422363281,-124.13835906982422,"DEL NORTE",UNINCORPORATED,-124.1385498046875,41.721824645996094
94416620,2024,2024-10-02,9120,2024-09-23,1156,019348,,1,1,9,0800,0,1,2,,2,003,US-199,"FOREST ROUTE 17N49",171.00,S,N,A,-,Y,DN,,199," "," ",11.733,H,,R,Y,3,0,2,3,A,-,03,22350,,N,C,C,A,A,H,-,A,D,0,,,,,Y,,A,01,0,2,0,0,0,0,0,0,0,"- ","- ",41.843570709228516,-124.01647186279297,"DEL NORTE",UNINCORPORATED,-124.01646423339844,41.843582153320312
94416685,2024,2024-10-02,9120,2024-09-23,1620,021085,,1,2,9,0800,0,1,2,,2,002,US-101,"ELK VALLEY CROSS RD",0.00,,Y,A,-,Y,DN,,101," "," ",31.190,H,,R,Y,3,0,1,2,A,-,09,21802,A,N,D,C,A,A,H,-,A,D,0,,,,,Y,,A,01,0,1,0,0,0,0,0,0,0,"- ","- ",41.807910919189453,-124.14755249023438,"DEL NORTE",UNINCORPORATED,-124.14736175537109,41.807891845703125
94420934,2024,2024-10-07,9120,2024-09-27,2251,023385,,5,3,9,0800,0,1,2,,2,006,US-101,"MPM 101 DN 10.02",70.00,N,N,A,-,Y,DN,,101," "," ",10.011,H,,R,N,4,0,1,1,A,-,08,22107,,N,E,I,A,A,H,-,D,D,0,,,,,Y,,A,01,0,0,1,0,0,0,0,0,0,"- ","- ",41.576610565185547,-124.07363891601562,"DEL NORTE",UNINCORPORATED,-124.07364654541016,41.576606750488281
94431482,2024,2024-10-15,9120,2024-10-12,1810,021221,,6,2,9,0800,0,1,2,,2,003,"UNITED STATES HIGHWAY 199","STATE ROUTE 197",1000.00,N,N,B,-,Y,DN,,199," "," ",4.564,H,,R,Y,4,0,1,1,A,-,03,22350,,N,F,8,A,A,H,-,D,D,0,,,,,Y,,D,22,0,0,1,0,0,0,0,0,0,"- ","- ",41.803138732910156,-124.08199310302734,"DEL NORTE",UNINCORPORATED,-124.08200836181641,41.803153991699219
94432168,2024,2024-10-15,9120,2024-10-12,"955 ",019348,,6,1,9,0800,0,1,2,,2,005,US-101,"101 DN 16.82",12.00,S,N,B,-,Y,DN,,101," "," ",16.862,H,,R,Y,4,0,2,1,A,-,03,22350,,N,E,I,A,B,H,-,A,D,0,,,,,Y,,A,07,0,0,2,0,0,0,0,0,0,"- ","- ",41.659111022949219,-124.11591339111328,"DEL NORTE",UNINCORPORATED,-124.11595916748047,41.659088134765625
94436583,2024,2024-10-18,9120,2024-10-12,1110,021446,,6,1,9,0800,0,1,2,,2,003,US-199,"WALKER RD",1584.00,S,N,C,-,Y,DN,,199," "," ",2.601,H,,R,Y,3,0,1,1,A,-,03,22350,,N,E,8,A,B,H,-,A,D,0,,,,,Y,,A,07,0,1,0,0,0,0,0,0,0,"- ","- ",41.809940338134766,-124.11209106445312,"DEL NORTE",UNINCORPORATED,-124.11206817626953,41.809902191162109
94439385,2024,2024-10-21,9120,2024-10-20,"445 ",019348,,7,3,9,0800,0,1,2,,2,003,US-199,"199 DN 26.51",19.00,N,N,A,-,Y,DN,,199," "," ",26.545,H,,R,Y,4,0,1,1,A,-,08,22107,,N,F,I,A,A,H,-,D,D,0,,,,,Y,Y,D,22,0,0,1,0,0,0,0,0,0,"- ","- ",41.891201019287109,-123.79280090332031,"DEL NORTE",UNINCORPORATED,-123.79268646240234,41.891250610351562
94445407,2024,2024-10-25,9120,2024-10-16,1436,023833,,3,2,9,0800,0,1,S,,2,904,US-199,"PATRICK CREEK ROAD",6336.00,E,N,C,-,Y,DN,,199," "," ",23.334,H,,R,Y,3,0,1,1,A,-,08,22107,,N,E,I,A,B,H,-,A,D,0,,,,,Y,,A,07,0,1,0,0,0,0,0,0,0,"- ","- ",41.872238159179688,-123.83173370361328,"DEL NORTE",UNINCORPORATED,-123.83183288574219,41.872272491455078
94445979,2024,2024-10-25,9120,2024-10-22,1915,021221,,2,2,9,0800,0,1,2,,2,001,"UNITED STATES HIGHWAY 101","WILSON LN",0.00,,Y,A,-,Y,DN,,101," "," ",38.908,H,,R,Y,3,0,1,2,A,-,03,22350,,N,C,C,A,A,H,-,D,D,0,,,,,Y,,-,"- ",0,1,0,0,0,0,0,0,0,"- ","- ",41.919101715087891,-124.13655853271484,"DEL NORTE",UNINCORPORATED,-124.13657379150391,41.919101715087891
94450595,2024,2024-10-30,9120,2024-10-22,2000,024029,,2,2,9,0800,0,1,2,,2,004,US-199,"OREGON MOUNTAIN RD",7392.00,S,N,A,-,Y,DN,,199," ",R,29.884,H,,R,Y,3,0,1,1,A,-,08,22107,,N,E,8,A,A,H,-,D,D,0,,,,,Y,,A,07,0,1,0,0,0,0,0,0,0,"- ","- ",41.922271728515625,-123.76319122314453,"DEL NORTE",UNINCORPORATED,-123.76328277587891,41.922340393066406
94457003,2024,2024-11-04,9120,2024-10-28,1703,022238,,1,2,9,0800,0,1,2,,2,002,US-101,"101 DN MPM 18.05",150.00,N,N,A,-,Y,DN,,101," "," ",18.162,H,,R,Y,3,0,1,1,A,-,08,22107,,N,E,I,A,B,H,-,D,D,0,,,,,Y,,D,22,0,1,0,0,0,0,0,0,0,"- ","- ",41.677501678466797,-124.11296081542969,"DEL NORTE",UNINCORPORATED,-124.11283111572266,41.677509307861328
94460434,2024,2024-11-06,9120,2024-10-30,1410,024029,,3,2,9,0800,0,1,2,,2,006,US-101,"NEWTON B. DRURY",1190.00,N,N,B,C,Y,DN,,101," ",R,0.357,H,,R,Y,3,0,3,1,A,-,03,22350,,N,E,8,A,B,H,-,A,D,0,,,,,Y,,A,01,0,1,2,0,0,0,0,0,0,"- ","- ",41.469760894775391,-124.04100799560547,"DEL NORTE",UNINCORPORATED,-124.04112243652344,41.469722747802734
94468436,2024,2024-11-13,9120,2024-11-11,1148,022238,,1,1,9,0800,0,1,2,,2,003,US-199,"ELK VALLEY CROSS RD",0.00,,Y,C,-,Y,DN,,199," ",T,0.806,H,,R,Y,4,0,2,2,A,-,09,21802,A,N,D,C,A,B,H,-,A,A,0,,,,,Y,,A,07,0,0,2,0,0,0,0,0,0,"- ","- ",41.804359436035156,-124.14308166503906,"DEL NORTE",UNINCORPORATED,-124.14308166503906,41.804298400878906
94474242,2024,2024-11-18,9120,2024-09-23,1837,021221,,1,2,9,0800,0,1,2,,2,001,"UNITED STATES HIGHWAY 101","MOUTH OF SMITH RIVER RD",15.00,N,N,A,-,Y,DN,,101," "," ",43.176,H,,R,Y,1,1,1,2,A,-,01,23152,A,N,D,C,A,A,H,-,A,D,0,,,Y,,Y,Y,A,07,0,1,0,0,0,0,0,1,0,"- ","- ",41.951690673828125,-124.202880859375,"DEL NORTE",UNINCORPORATED,-124.20281219482422,41.951740264892578
94475609,2024,2024-11-19,9120,2024-11-11,2038,022238,,1,2,9,0800,0,1,2,,2,003,US-199,"US-199 MPM 7.66",200.00,N,N,C,-,Y,DN,,199," "," ",7.694,H,,R,Y,2,0,4,1,A,-,03,22350,,N,F,I,A,B,H,-,A,A,0,,,,,Y,,A,07,1,3,0,0,0,0,0,0,0,"- ","- ",41.808719635009766,-124.05059814453125,"DEL NORTE",UNINCORPORATED,-124.05062866210938,41.808773040771484
94478560,2024,2024-11-21,9120,2024-11-18,1555,019348,,1,2,9,0800,0,1,2,,2,005,US-101,"101 DN 18.36",59.00,S,N,B,C,Y,DN,,101," "," ",18.635,H,,R,N,4,0,1,1,A,-,03,22350,,N,E,I,A,B,H,-,A,D,0,,,,,Y,,-,"- ",0,0,1,0,0,0,0,0,0,"- ","- ",41.683891296386719,-124.11244964599609,"DEL NORTE",UNINCORPORATED,-124.11247253417969,41.683929443359375
94480854,2024,2024-11-22,9120,2024-11-15,2035,023196,,5,2,9,0800,0,1,2,,2,003,"US-199 N/B","CABLE LN",1230.00,S,N,A,-,Y,DN,,199," "," ",5.348,H,,R,N,3,0,1,1,A,-,01,23152,A,N,E,H,A,A,H,-,C,D,0,,,,,Y,Y,-,"- ",0,1,0,0,0,0,0,0,0,"- ","- ",41.793811798095703,-124.07672882080078,"DEL NORTE",UNINCORPORATED,-124.07675933837891,41.793689727783203
94481771,2024,2024-11-25,9120,2024-11-14,2135,021221,,4,2,9,0800,0,1,2,,2,003,"UNITED STATES HIGHWAY 199","199 DN 9.27",50.00,S,N,B,C,Y,DN,,199," "," ",9.247,H,,R,Y,4,0,1,1,A,-,01,23152,F,N,E,I,A,B,H,-,D,D,0,,,,,Y,Y,A,07,0,0,1,0,0,0,0,0,0,"- ","- ",41.822551727294922,-124.0322265625,"DEL NORTE",UNINCORPORATED,-124.0322265625,41.822544097900391
94484652,2024,2024-11-26,9120,2024-11-17,1035,017950,,7,1,9,0800,0,1,2,,2,005,"HWY 101","101 DN 15.15",100.00,N,N,C,-,Y,DN,,101," "," ",15.286,H,,R,Y,3,0,2,1,A,-,03,22350,,N,E,I,A,B,H,-,A,D,0,,,,,Y,,A,08,0,2,0,0,0,0,0,0,0,"- ","- ",41.638019561767578,-124.11505889892578,"DEL NORTE",UNINCORPORATED,-124.11515045166016,41.637992858886719
94484822,2024,2024-11-26,9120,2024-11-21,1000,021221,,4,1,9,0800,0,1,2,,2,005,"UNITED STATES HIGHWAY 101","MILL CREEK",17213.00,S,N,B,C,Y,DN,,101," "," ",17.064,H,,R,Y,2,0,1,1,A,-,08,22107,,N,E,8,A,B,H,-,A,D,0,,,,,Y,,A,07,1,0,0,0,0,0,0,0,0,"- ","- ",41.661991119384766,-124.11575317382812,"DEL NORTE",UNINCORPORATED,-124.11573791503906,41.6619873046875
94488352,2024,2024-12-02,9120,2024-11-23,1320,021279,,6,1,9,0800,0,1,2,,2,005,"N/B US-101","101 DN 14.65",45.00,N,N,B,C,Y,DN,,101," "," ",14.737,H,,R,Y,4,0,1,1,A,-,03,22350,,N,E,I,A,B,H,-,A,D,0,,,,,Y,,D,22,0,0,1,0,0,0,0,0,0,"- ","- ",41.630588531494141,-124.11286163330078,"DEL NORTE",UNINCORPORATED,-124.11283874511719,41.630599975585938
94493693,2024,2024-12-05,9120,2024-11-26,1515,019348,,2,2,9,0800,0,1,2,,2,003,US-199,"199 DN 7.66",77.00,N,N,C,-,Y,DN,,199," "," ",7.671,H,,R,Y,3,0,1,1,A,-,08,22107,,N,E,I,A,B,H,-,A,D,0,,,,,Y,,A,01,0,1,0,0,0,0,0,0,0,"- ","- ",41.808670043945312,-124.05110931396484,"DEL NORTE",UNINCORPORATED,-124.05108642578125,41.808631896972656
94496815,2024,2024-12-13,9120,2024-11-26,1700,021597,,2,2,9,0800,0,1,2,,2,004,US-199,"SISKYOU FORK ROAD",500.00,S,N,A,-,Y,DN,,199," "," ",25.225,H,,R,N,3,0,1,1,A,-,08,22107,,N,E,I,A,B,H,-,B,D,0,,,,,Y,,A,07,0,1,0,0,0,0,0,0,0,"- ","- ",41.883998870849609,-123.81239318847656,"DEL NORTE",UNINCORPORATED,-123.81236267089844,41.883945465087891
94510850,2024,2024-12-19,9120,2024-12-13,2020,021446,,5,2,9,0800,0,1,2,,2,003,US-199,199DN11.38,50.00,N,N,C,-,Y,DN,,199," "," ",11.423,H,,R,Y,3,0,1,1,A,-,01,23152,A,N,E,I,A,B,H,-,D,D,0,,,,,Y,Y,D,22,0,1,0,0,0,0,0,0,0,"- ","- ",41.843238830566406,-124.02217102050781,"DEL NORTE",UNINCORPORATED,-124.02214050292969,41.843223571777344
94510858,2024,2024-12-19,9120,2024-12-13,1540,021446,,5,2,9,0800,0,1,2,,2,004,US-199,199DN26.50,300.00,S,N,C,-,Y,DN,,199," "," ",26.402,H,,R,N,3,0,1,2,A,-,08,22107,,F,B,C,A,B,H,-,A,D,0,,,,,Y,,-,99,0,1,0,0,0,0,0,0,0,"- ","- ",41.889549255371094,-123.79277801513672,"DEL NORTE",UNINCORPORATED,-123.79278564453125,41.889556884765625
94521131,2024,2024-12-31,9120,2024-12-29,1800,021901,,7,2,9,0800,0,1,2,,2,003,US-199,"SOUTH FORK RD. SMITH RIVER",5280.00,N,N,B,-,Y,DN,,199," "," ",8.282,H,,R,Y,3,0,3,2,A,-,05,21460,A,N,A,C,A,B,F,-,D,D,0,,,,,Y,,A,01,0,2,1,0,0,0,0,0,0,"- ","- ",41.814029693603516,-124.04427337646484,"DEL NORTE",UNINCORPORATED,-124.04423522949219,41.814014434814453
94521427,2024,2024-12-31,9120,2024-12-26,1345,021446,,4,1,9,0800,0,1,2,,2,003,US-199,199DN10.91,40.00,S,N,C,-,Y,DN,,199," "," ",10.891,H,,R,Y,3,0,1,1,A,-,08,22107,,N,E,I,A,B,H,-,A,D,0,,,,,Y,,A,07,0,1,0,0,0,0,0,0,0,"- ","- ",41.839370727539062,-124.02873229980469,"DEL NORTE",UNINCORPORATED,-124.02871704101562,41.83929443359375
94526393,2024,2025-01-06,9120,2024-12-26,"30  ",022238,,4,3,9,0800,0,1,2,,2,006,US-101,"REQUA ROAD",1500.00,S,N,C,-,Y,DN,,101," "," ",7.865,H,,R,Y,4,0,4,1,C,-,18,,,N,E,J,A,B,C,-,D,D,0,,,,,Y,,-,"- ",0,0,4,0,0,0,0,0,0,"- ","- ",41.550048828125,-124.05310821533203,"DEL NORTE",UNINCORPORATED,-124.05311584472656,41.550048828125
9686005,2024,2024-07-25,0801,2024-05-20,1700,123,,1,5,2,0801,0,0,0,,0,,"8TH ST","L ST",0.00,,Y,A,-,Y,DN,1,101,-,-,26.664,I,5,S,N,4,0,1,2,A,-,"- ",,,N,D,C,A,A,H,-,A,D,0,,,,,Y,,D,22,0,0,1,0,0,0,0,0,0,"- ","- ",,,"DEL NORTE","CRESCENT CITY",-124.197509765625,41.757465362548828
9694260,2024,2024-07-08,0801,2024-05-01,1446,113,,3,5,2,0801,0,0,0,,0,,"M ST","3RD ST",0.00,,Y,A,-,Y,DN,1,101,-,-,26.310,H,-,N,N,4,0,2,2,B,-,22,,,N,C,C,A,A,H,-,A,D,0,,,,,Y,,A,01,0,0,2,0,0,0,0,0,0,"- ","- ",,,"DEL NORTE","CRESCENT CITY",-124.1932373046875,41.754447937011719
9697329,2024,2024-12-13,0801,2024-04-21,1319,103,,7,5,2,0801,0,0,0,,0,,"RT 101","COOPER AV",0.00,,Y,A,-,Y,DN,1,101,-,-,26.900,I,5,S,Y,3,0,1,3,A,-,01,23152,,N,D,C,A,A,H,-,A,A,0,,,,,Y,Y,A,01,0,1,0,0,0,0,0,0,0,"- ","- ",,,"DEL NORTE","CRESCENT CITY",-124.19760131835938,41.761936187744141
9712781,2024,2024-11-04,0801,2024-09-07,1238,113,,6,5,2,0801,0,0,0,,0,,"L ST","FRONT ST",0.00,,Y,A,-,Y,DN,1,101,-,-,26.209,I,5,N,N,3,0,2,2,A,-,12,21453,,N,A,C,A,A,H,-,A,A,0,,,,,Y,,A,01,0,2,0,0,0,0,0,0,0,"- ","- ",,,"DEL NORTE","CRESCENT CITY",-124.19208526611328,41.753231048583984
9720169,2024,2024-09-05,0801,2024-07-07,"250 ",120,,7,5,2,0801,0,0,0,,0,,"RT 101","ELK VALLEY RD",0.00,,Y,A,-,Y,DN,1,101,-,-,25.840,I,5,N,Y,2,0,1,1,A,-,"- ",,,N,E,I,A,A,H,-,C,A,0,,,,,Y,,A,01,1,0,0,0,0,0,0,0,0,"- ","- ",,,"DEL NORTE","CRESCENT CITY",-124.18544006347656,41.752227783203125
9730904,2024,2024-09-27,0801,2024-07-24,"847 ",113,,3,5,2,0801,0,0,0,,0,,"NORTHCREST DR","WILSON AV",0.00,,Y,A,-,Y,DN,1,101,-,-,27.040,I,5,S,N,4,0,1,2,B,-,22,,,N,B,G,A,A,H,-,A,D,0,,Y,,,Y,,L,04,0,0,1,0,0,0,1,0,0,"- ","- ",,,"DEL NORTE","CRESCENT CITY",-124.19666290283203,41.763774871826172